sql error: malformed database schema (__drizzle_migrations) - invalid rootpage (11)
PRAGMA foreign_keys=OFF;
BEGIN TRANSACTION;
CREATE TABLE users (
      id TEXT PRIMARY KEY,
      name TEXT,
      language TEXT NOT NULL DEFAULT 'ja',
      onboarding_completed_at TEXT,
      created_at TEXT NOT NULL DEFAULT CURRENT_TIMESTAMP,
      updated_at TEXT NOT NULL DEFAULT CURRENT_TIMESTAMP
    );
INSERT INTO users VALUES('local_default_user','Local User','ja','2026-05-28 08:03:51','2026-05-24 09:39:28','2026-06-01 13:15:11');
INSERT INTO users VALUES('simulate-user','Simulate User','ja',NULL,'2026-05-28 13:28:21','2026-05-28 13:28:21');
CREATE TABLE sessions (
      id TEXT PRIMARY KEY,
      user_id TEXT NOT NULL,
      type TEXT NOT NULL DEFAULT 'regular',
      status TEXT NOT NULL DEFAULT 'active' CHECK(status IN ('active', 'completed', 'abandoned')),
      questions_asked INTEGER NOT NULL DEFAULT 0,
      followup_count INTEGER NOT NULL DEFAULT 0,
      current_question_id TEXT,
      created_at TEXT NOT NULL DEFAULT CURRENT_TIMESTAMP,
      ended_at TEXT,
      FOREIGN KEY (user_id) REFERENCES users(id) ON DELETE CASCADE
    );
INSERT INTO sessions VALUES('65c0dac6-84a9-4878-847a-3540166740ee','local_default_user','regular','active',0,0,'q01','2026-05-24 09:39:29',NULL);
INSERT INTO sessions VALUES('e28edb32-d456-470c-91c9-3de07a02c46c','local_default_user','regular','active',0,0,'q01','2026-05-24 09:39:29',NULL);
INSERT INTO sessions VALUES('b02ac243-9cfe-4ed4-a0fe-eafcf09c5372','local_default_user','regular','active',0,0,'q01','2026-05-24 09:39:30',NULL);
INSERT INTO sessions VALUES('f2e33cad-0e9a-48dc-8437-a54271891c34','local_default_user','regular','active',0,0,'q01','2026-05-24 09:39:30',NULL);
INSERT INTO sessions VALUES('7dd93182-bc67-4629-9609-4bf2c44b3702','local_default_user','regular','active',0,0,'q01','2026-05-24 12:51:57',NULL);
INSERT INTO sessions VALUES('eb9121a2-3932-4c9f-ad44-a6427a9ce95c','local_default_user','regular','active',0,0,'q01','2026-05-24 12:51:57',NULL);
INSERT INTO sessions VALUES('23b28aa5-6a3e-45e3-b457-efe4e5947240','local_default_user','regular','active',0,0,'q01','2026-05-24 12:52:22',NULL);
INSERT INTO sessions VALUES('d666e1ee-ffe4-4f27-9977-61d1ff48214b','local_default_user','regular','active',0,0,'q01','2026-05-24 12:52:22',NULL);
INSERT INTO sessions VALUES('b402367f-1d01-4b8a-9209-9530b15ba361','local_default_user','regular','active',0,0,'q01','2026-05-25 02:44:30',NULL);
INSERT INTO sessions VALUES('3d635042-43c3-44f3-92dc-fcd3a98a5c64','local_default_user','regular','active',0,0,'q01','2026-05-25 02:44:30',NULL);
INSERT INTO sessions VALUES('ff8c4185-f3aa-4145-afc0-6e731432aee7','local_default_user','regular','active',0,0,'q01','2026-05-25 03:21:39',NULL);
INSERT INTO sessions VALUES('f0c426fa-8d7a-4933-9c7f-dd11a38e372d','local_default_user','regular','active',0,0,'q01','2026-05-25 03:21:39',NULL);
INSERT INTO sessions VALUES('10d6aa58-465a-4589-a1f4-7938c55543d4','local_default_user','regular','active',0,0,'q01','2026-05-25 11:22:21',NULL);
INSERT INTO sessions VALUES('50bb5fd8-bd7f-47b1-8bdf-21da7d2b18d4','local_default_user','regular','active',0,0,'q01','2026-05-25 11:22:21',NULL);
INSERT INTO sessions VALUES('0a5c180b-3145-4429-bd45-f7bb1fcd182e','local_default_user','regular','active',0,0,'q01','2026-05-28 06:18:30',NULL);
INSERT INTO sessions VALUES('8e6948c3-1943-4d10-8eae-75d42b42c07b','local_default_user','regular','active',0,0,'q01','2026-05-28 06:18:30',NULL);
INSERT INTO sessions VALUES('8aad08da-e6b7-4f68-a077-1b061d5020a7','local_default_user','regular','active',0,0,'q01','2026-05-28 06:23:32',NULL);
INSERT INTO sessions VALUES('a74427cf-8852-4b86-beef-fc5accca02ba','local_default_user','regular','active',0,0,'q01','2026-05-28 06:23:32',NULL);
INSERT INTO sessions VALUES('d353a87a-d92a-43d1-8428-61570c9554f9','local_default_user','regular','active',0,0,'q01','2026-05-28 06:24:41',NULL);
INSERT INTO sessions VALUES('b0b19dfb-0bfd-4f36-8dda-1b0c09b1e8c6','local_default_user','regular','active',0,0,'q01','2026-05-28 06:24:41',NULL);
INSERT INTO sessions VALUES('6a096614-43fd-48ed-843d-12f5af06996d','local_default_user','regular','active',0,0,'q01','2026-05-28 06:49:52',NULL);
INSERT INTO sessions VALUES('d567dd02-01d1-4aa6-8297-e175a9ae6e57','local_default_user','regular','active',0,0,'q01','2026-05-28 06:49:52',NULL);
INSERT INTO sessions VALUES('6a16e7c4-1dcf-44b2-a08c-6fbd51ef04a8','local_default_user','onboarding','active',0,1,NULL,'2026-05-28 07:07:44',NULL);
INSERT INTO sessions VALUES('ffa47805-d640-49b7-b271-6278e8677a93','local_default_user','onboarding','active',0,1,NULL,'2026-05-28 07:34:35',NULL);
INSERT INTO sessions VALUES('71dba6b2-982c-4cae-9e4b-400fab601938','local_default_user','regular','active',0,1,'q01','2026-05-28 07:36:04',NULL);
INSERT INTO sessions VALUES('3797274d-4f88-4e10-a323-05d49eadb9b4','local_default_user','regular','active',0,0,'q01','2026-05-28 07:36:04',NULL);
INSERT INTO sessions VALUES('bd97ae68-4a9a-4b08-bb23-64f6f68d2e64','local_default_user','onboarding','active',0,1,NULL,'2026-05-28 07:51:20',NULL);
INSERT INTO sessions VALUES('7bd3a7fe-2265-4d41-8b62-6809814df610','local_default_user','onboarding','active',0,0,NULL,'2026-05-28 07:58:09',NULL);
INSERT INTO sessions VALUES('3bdb6a73-6abb-4f32-8127-92154b8aa52f','local_default_user','onboarding','active',0,1,NULL,'2026-05-28 07:59:00',NULL);
INSERT INTO sessions VALUES('8bc35037-898d-4b87-afa3-97185b5eb230','local_default_user','regular','active',0,0,'q01','2026-05-28 08:02:43',NULL);
INSERT INTO sessions VALUES('6c1cf6c2-ac53-46c1-afe9-dad70568d58f','local_default_user','regular','active',0,0,'q01','2026-05-28 08:02:43',NULL);
INSERT INTO sessions VALUES('e37ef1e2-dd8f-4fcf-af8f-39d908649f0e','local_default_user','onboarding','completed',0,1,NULL,'2026-05-28 08:02:56','2026-05-28 08:03:51');
INSERT INTO sessions VALUES('43d275a0-20fe-4d88-ac61-eecf3d9888a1','local_default_user','regular','active',0,0,'q01','2026-05-28 08:14:26',NULL);
INSERT INTO sessions VALUES('34f81fbe-9a7a-446f-90d8-5503b28b6bb3','local_default_user','regular','active',0,0,'q01','2026-05-28 08:14:26',NULL);
INSERT INTO sessions VALUES('967a4c4d-1ce5-44b9-af7f-4135ca94e611','local_default_user','regular','active',0,0,'q01','2026-05-28 08:17:21',NULL);
INSERT INTO sessions VALUES('303a3f23-87b8-464f-b119-1e31618c55bd','local_default_user','regular','active',0,0,'q01','2026-05-28 08:17:22',NULL);
INSERT INTO sessions VALUES('ef312d5f-b726-4768-b08a-dcd0fc5d703f','simulate-user','onboarding','active',0,0,NULL,'2026-05-28 13:28:21',NULL);
INSERT INTO sessions VALUES('2e270e8e-a540-4d45-b32c-014039d06ec5','local_default_user','regular','active',0,0,'q01','2026-05-29 00:37:06',NULL);
INSERT INTO sessions VALUES('31332c39-19ca-42b8-8a85-ced0ad5d03c1','local_default_user','regular','active',0,0,'q01','2026-05-29 00:37:06',NULL);
INSERT INTO sessions VALUES('9458b689-250e-4bea-b851-5d24c64bb358','local_default_user','regular','active',0,0,'q01','2026-05-29 00:37:12',NULL);
INSERT INTO sessions VALUES('0e86e6cf-4001-4c9b-962a-8b11aca2a99c','local_default_user','regular','active',0,0,'q01','2026-05-29 00:37:12',NULL);
INSERT INTO sessions VALUES('68816c08-2df8-4740-bf79-6fc5d34d8971','local_default_user','regular','active',0,0,'q01','2026-05-29 00:50:19',NULL);
INSERT INTO sessions VALUES('f1cabf60-55c9-4f86-b2cc-7fefdccfcfb0','local_default_user','regular','active',0,0,'q01','2026-05-29 00:50:19',NULL);
INSERT INTO sessions VALUES('d281ddcc-2d6d-4558-b37d-45270ce39301','local_default_user','regular','active',0,0,'q01','2026-05-29 01:17:07',NULL);
INSERT INTO sessions VALUES('8ab72a80-442d-42e0-8cc6-bf4fbfbe8152','local_default_user','regular','active',0,0,'q01','2026-05-29 01:17:07',NULL);
INSERT INTO sessions VALUES('25de5bb9-f968-46a6-9b2f-c10e368ce644','local_default_user','regular','active',0,0,'q01','2026-05-29 01:17:22',NULL);
INSERT INTO sessions VALUES('b45f53d4-b057-4aeb-a367-a222c9faffdb','local_default_user','regular','active',0,0,'q01','2026-05-29 01:17:22',NULL);
INSERT INTO sessions VALUES('8bfa3488-8878-4db8-b9ec-b9fae7433061','local_default_user','regular','completed',0,0,'q01','2026-05-29 01:17:24','2026-05-29 01:18:08');
INSERT INTO sessions VALUES('33ce88b9-f49c-4826-9dd1-fbaf370e4e97','local_default_user','regular','active',0,0,'q01','2026-05-29 01:17:24',NULL);
INSERT INTO sessions VALUES('e51b018a-36f6-4d81-984f-1f466b62b363','local_default_user','regular','active',0,0,'q02','2026-05-29 02:56:12',NULL);
INSERT INTO sessions VALUES('1071e569-6592-4f22-9438-5e60b17744d0','local_default_user','regular','active',0,0,'q02','2026-05-29 02:56:12',NULL);
INSERT INTO sessions VALUES('b2e433a9-8dbf-449f-839f-31d843c57739','local_default_user','regular','active',2,0,'q23','2026-05-29 03:21:35',NULL);
INSERT INTO sessions VALUES('d0de14aa-a993-4836-a748-6bae9d8ea568','local_default_user','regular','active',0,0,'q02','2026-05-29 03:21:35',NULL);
INSERT INTO sessions VALUES('86e1470d-81e8-47d8-a395-d60527a85b6c','local_default_user','regular','active',0,0,'q23','2026-05-29 03:24:40',NULL);
INSERT INTO sessions VALUES('f32c1b92-7887-4029-948e-1fc9a86a4f60','local_default_user','regular','active',0,0,'q23','2026-05-29 03:24:40',NULL);
INSERT INTO sessions VALUES('3e85644f-3809-4761-918e-3541f3fecd54','local_default_user','regular','active',0,0,'q23','2026-05-29 03:26:29',NULL);
INSERT INTO sessions VALUES('a7a9964e-0cd1-4b18-83fd-f84392a4a53e','local_default_user','regular','active',0,0,'q23','2026-05-29 03:26:29',NULL);
INSERT INTO sessions VALUES('2d7be61f-1c29-49bf-9de1-1e3e5aca7473','local_default_user','regular','active',0,0,'q23','2026-05-29 03:26:35',NULL);
INSERT INTO sessions VALUES('7f3e1bb4-1397-4c6f-9032-7b9a9bdbc3ca','local_default_user','regular','active',0,0,'q23','2026-05-29 03:26:35',NULL);
INSERT INTO sessions VALUES('ac7916b5-05da-4342-84f1-c165a05950c2','local_default_user','regular','active',0,0,'q23','2026-05-29 03:27:03',NULL);
INSERT INTO sessions VALUES('b823c48e-00fa-49f8-9bbb-b97b41fb7051','local_default_user','regular','active',0,0,'q23','2026-05-29 03:27:03',NULL);
INSERT INTO sessions VALUES('d309cd7f-2e07-4126-b826-b4df1c871bed','local_default_user','regular','active',0,0,'q23','2026-05-29 03:27:15',NULL);
INSERT INTO sessions VALUES('c1dbab25-1156-4402-869c-62b44169c3d2','local_default_user','regular','active',0,0,'q23','2026-05-29 03:27:15',NULL);
INSERT INTO sessions VALUES('9f4b83e1-5eba-4810-b2c1-971a51b3af15','local_default_user','regular','active',0,0,'q23','2026-05-29 03:27:30',NULL);
INSERT INTO sessions VALUES('8bb00172-f054-456c-8bed-8bc705585f5c','local_default_user','regular','active',0,0,'q23','2026-05-29 03:27:30',NULL);
INSERT INTO sessions VALUES('8c7af8e6-bba4-4eef-8246-1db1cb267a84','local_default_user','regular','active',0,0,'q23','2026-05-29 03:27:42',NULL);
INSERT INTO sessions VALUES('59f69e02-0343-4bd4-812a-a27a735986cd','local_default_user','regular','active',0,0,'q23','2026-05-29 03:27:42',NULL);
INSERT INTO sessions VALUES('158fcfcf-97ae-4c07-91f0-e1b56d7ac279','local_default_user','regular','active',0,0,'q23','2026-05-29 03:28:05',NULL);
INSERT INTO sessions VALUES('b9c99e18-8b9b-4695-b206-288f85e4747d','local_default_user','regular','active',0,0,'q23','2026-05-29 03:28:05',NULL);
INSERT INTO sessions VALUES('1cd17042-4612-4450-8ea5-84c72c70c83d','local_default_user','regular','completed',3,3,'q29','2026-05-29 03:29:11','2026-05-29 03:35:37');
INSERT INTO sessions VALUES('74ac7ddc-2cbc-4028-b57b-0591d91be350','local_default_user','regular','active',0,0,'q23','2026-05-29 03:29:11',NULL);
INSERT INTO sessions VALUES('b7bc04d4-dfbe-48e1-98b9-a3c779038ca3','local_default_user','regular','active',0,0,'q04','2026-05-29 03:41:21',NULL);
INSERT INTO sessions VALUES('f4d92817-3389-44ca-b472-646bd4244079','local_default_user','regular','active',0,0,'q04','2026-05-29 03:41:21',NULL);
INSERT INTO sessions VALUES('73c8b23c-bb00-4604-859e-fa9978eee330','local_default_user','regular','active',0,0,'q04','2026-05-29 03:46:45',NULL);
INSERT INTO sessions VALUES('1e88b588-97ac-49e7-8fdd-71b926ff6ac7','local_default_user','regular','active',0,0,'q04','2026-05-29 03:46:45',NULL);
INSERT INTO sessions VALUES('d3b3091c-34d8-45b2-94a8-95518ad29df9','local_default_user','regular','active',0,0,'q04','2026-05-29 04:24:04',NULL);
INSERT INTO sessions VALUES('9d9c1e9d-c86d-4879-abab-bda86e69ce87','local_default_user','regular','active',0,0,'q04','2026-05-29 04:24:04',NULL);
INSERT INTO sessions VALUES('621b500a-5275-4849-b5ee-1284cc454cf9','local_default_user','regular','active',0,0,'q04','2026-05-29 04:24:11',NULL);
INSERT INTO sessions VALUES('464aff9b-56fc-408e-aef1-7d7846a06e32','local_default_user','regular','active',0,0,'q04','2026-05-29 04:24:11',NULL);
INSERT INTO sessions VALUES('2e9eb2cb-c6a6-49c6-838f-01313b87a429','local_default_user','regular','active',0,0,'q04','2026-05-29 04:24:22',NULL);
INSERT INTO sessions VALUES('5fc3079f-d2cb-43f3-b307-01858a7713c0','local_default_user','regular','active',0,0,'q04','2026-05-29 04:24:22',NULL);
INSERT INTO sessions VALUES('6fcf8ed2-423e-4e8f-892f-8b1f5af71545','local_default_user','regular','active',0,0,'q04','2026-05-29 04:24:33',NULL);
INSERT INTO sessions VALUES('a2a951a6-74b5-4d93-9db0-a8b54ed809a8','local_default_user','regular','active',0,0,'q04','2026-05-29 04:24:33',NULL);
INSERT INTO sessions VALUES('49cdafd3-f263-491c-ae33-0f24cd21ee85','local_default_user','regular','active',0,0,'q04','2026-05-29 04:24:33',NULL);
INSERT INTO sessions VALUES('597941e5-fbfc-4987-87f1-0a0268b3909b','local_default_user','regular','active',0,0,'q04','2026-05-29 04:24:33',NULL);
INSERT INTO sessions VALUES('19562eb1-e19b-4f18-9d62-c5e6202aa353','local_default_user','regular','active',0,0,'q04','2026-05-29 04:24:33',NULL);
INSERT INTO sessions VALUES('3ff216c8-ce27-4e87-9b8c-1e0416b19da5','local_default_user','regular','active',0,0,'q04','2026-05-29 04:24:33',NULL);
INSERT INTO sessions VALUES('b99f9c74-9883-434a-a8b9-1300b814e3f3','local_default_user','regular','active',0,0,'q04','2026-05-29 04:24:34',NULL);
INSERT INTO sessions VALUES('d3427d9d-9e2c-4798-a0ad-000395db8ef6','local_default_user','regular','active',0,0,'q04','2026-05-29 04:24:34',NULL);
INSERT INTO sessions VALUES('19d3c0f8-6041-4e14-aee1-9fdb250153a2','local_default_user','regular','active',0,0,'q04','2026-05-29 04:26:19',NULL);
INSERT INTO sessions VALUES('e9cd4a5b-f0c0-4d20-9e97-b2b6374c1278','local_default_user','regular','active',0,0,'q04','2026-05-29 04:26:19',NULL);
INSERT INTO sessions VALUES('22f3980b-db80-4baf-b2ea-b9a4741e6cf8','local_default_user','regular','active',0,0,'q04','2026-05-29 04:38:30',NULL);
INSERT INTO sessions VALUES('82a30e93-91df-4ea4-b634-cbd975fae1f2','local_default_user','regular','active',0,0,'q04','2026-05-29 04:38:30',NULL);
INSERT INTO sessions VALUES('2f8a75d0-ecf7-49bf-b1f1-4c7f140e5794','local_default_user','regular','active',0,0,'q04','2026-05-29 04:38:40',NULL);
INSERT INTO sessions VALUES('e60ba64a-ab58-4f76-8115-5ecb3d024f84','local_default_user','regular','active',0,0,'q04','2026-05-29 04:38:40',NULL);
INSERT INTO sessions VALUES('74c0d8a5-5411-4d64-b6a8-ddd703310e46','local_default_user','regular','active',0,0,'q04','2026-05-29 04:39:09',NULL);
INSERT INTO sessions VALUES('d2f420bc-a203-4a82-bf02-e9750c4077b7','local_default_user','regular','active',0,0,'q04','2026-05-29 04:39:09',NULL);
INSERT INTO sessions VALUES('3cfa8f0f-4740-44ff-baf1-d603b4ac166a','local_default_user','regular','active',0,0,'q04','2026-05-29 04:39:56',NULL);
INSERT INTO sessions VALUES('a1d1f1e3-7522-4e60-9122-a344db06f8fa','local_default_user','regular','active',0,0,'q04','2026-05-29 04:39:56',NULL);
INSERT INTO sessions VALUES('58567f25-8a38-49b1-a217-b297f7be85d0','local_default_user','regular','active',0,0,'q04','2026-05-29 04:39:56',NULL);
INSERT INTO sessions VALUES('6d2f9350-3c85-4ea6-a6b0-89d8aadc9a8c','local_default_user','regular','completed',0,0,'q04','2026-05-29 04:39:56','2026-05-29 04:40:02');
INSERT INTO sessions VALUES('e196a24e-cfac-49bd-ac54-f510058a3420','local_default_user','regular','active',0,0,'q07','2026-05-29 04:40:07',NULL);
INSERT INTO sessions VALUES('85baf505-9d92-4252-bfad-fd40d87989bc','local_default_user','regular','active',0,0,'q07','2026-05-29 04:40:51',NULL);
INSERT INTO sessions VALUES('1978d611-5db0-4593-a0d5-658d523bcb4a','local_default_user','regular','active',0,0,'q07','2026-05-29 04:40:51',NULL);
INSERT INTO sessions VALUES('0fa032ec-4557-4e95-a4d3-31f81af29119','local_default_user','regular','active',0,0,'q07','2026-05-29 04:42:43',NULL);
INSERT INTO sessions VALUES('2a5d9877-abb0-49be-8b87-367fc1a7b45d','local_default_user','regular','active',0,0,'q07','2026-05-29 04:42:43',NULL);
INSERT INTO sessions VALUES('3ec4978a-d375-4f17-b149-382630dabdcb','local_default_user','regular','active',0,0,'q07','2026-05-29 04:42:59',NULL);
INSERT INTO sessions VALUES('76c3010d-bf31-4a09-b6a7-53b1cce18af2','local_default_user','regular','active',0,0,'q07','2026-05-29 04:42:59',NULL);
INSERT INTO sessions VALUES('71ee69eb-932f-42d8-8b8e-5e22345b7b91','local_default_user','regular','active',0,0,'q07','2026-05-29 05:00:32',NULL);
INSERT INTO sessions VALUES('5c2e82f1-36ad-433f-8a23-ffd596bf354d','local_default_user','regular','active',1,0,'q08','2026-05-29 05:00:33',NULL);
INSERT INTO sessions VALUES('e11923fe-d504-4e17-ad57-97755869b629','local_default_user','regular','active',0,0,'q08','2026-05-29 05:03:28',NULL);
INSERT INTO sessions VALUES('4f59a019-93dc-4423-8d96-9bb9e00cb94f','local_default_user','regular','active',0,0,'q08','2026-05-29 05:03:28',NULL);
INSERT INTO sessions VALUES('1668b944-7a09-42b5-9b3c-e5cf3ec4a4a5','local_default_user','regular','active',0,0,'q08','2026-05-29 05:06:15',NULL);
INSERT INTO sessions VALUES('09170fd1-7812-4046-894c-28488e6a286e','local_default_user','regular','active',0,0,'q08','2026-05-29 05:06:15',NULL);
INSERT INTO sessions VALUES('148d4244-52f1-4583-a949-36ef1de23d7d','local_default_user','regular','active',0,0,'q08','2026-05-29 05:06:51',NULL);
INSERT INTO sessions VALUES('798de9a5-5432-4ec0-9bc8-54b631d0eb25','local_default_user','regular','active',0,0,'q08','2026-05-29 05:06:51',NULL);
INSERT INTO sessions VALUES('7a489121-b517-451d-bc87-5282edb99712','local_default_user','regular','active',0,0,'q08','2026-05-29 05:06:51',NULL);
INSERT INTO sessions VALUES('2c58a406-a9a6-46bb-b441-5880cf537326','local_default_user','regular','active',0,0,'q08','2026-05-29 05:06:51',NULL);
INSERT INTO sessions VALUES('83631d4e-76d2-40d2-a2e4-65bd589a7ecd','local_default_user','regular','active',0,0,'q08','2026-05-29 05:06:52',NULL);
INSERT INTO sessions VALUES('bb4ca03f-180e-4d0a-a7e9-e675c5a78a8c','local_default_user','regular','active',0,0,'q08','2026-05-29 05:06:52',NULL);
INSERT INTO sessions VALUES('9518ecd3-c79e-4caa-abaa-b19df3dc52cc','local_default_user','regular','active',0,0,'q08','2026-05-29 05:07:43',NULL);
INSERT INTO sessions VALUES('1ab4bf4c-4a7f-46ba-a9d2-bdb75cdf49aa','local_default_user','regular','active',0,0,'q08','2026-05-29 05:07:43',NULL);
INSERT INTO sessions VALUES('c4cc1c9f-d7fb-49a2-8cbd-1e38a0c624a8','local_default_user','regular','active',0,0,'q08','2026-05-29 05:08:09',NULL);
INSERT INTO sessions VALUES('87ada31b-994e-49dc-bb04-489803ae3e3e','local_default_user','regular','active',0,0,'q08','2026-05-29 05:08:09',NULL);
INSERT INTO sessions VALUES('667f67a9-3ce9-4394-a7fc-4d883d95c5bf','local_default_user','regular','active',0,0,'q08','2026-05-29 05:09:23',NULL);
INSERT INTO sessions VALUES('2af80374-47b9-4d98-b5c2-1b243499ab1a','local_default_user','regular','active',0,0,'q08','2026-05-29 05:09:23',NULL);
INSERT INTO sessions VALUES('62af69d1-30d9-4261-8cd9-6674ab3f15a6','local_default_user','regular','active',0,0,'q08','2026-05-29 05:11:03',NULL);
INSERT INTO sessions VALUES('72806403-d838-4e19-8bd9-162830fb018c','local_default_user','regular','active',0,0,'q08','2026-05-29 05:11:04',NULL);
INSERT INTO sessions VALUES('a381f02d-8365-431e-a445-dd95bbeb9133','local_default_user','regular','active',0,0,'q08','2026-05-29 05:16:51',NULL);
INSERT INTO sessions VALUES('1b25f951-cc53-45c6-a4d6-4a64ccd71b82','local_default_user','regular','active',0,0,'q08','2026-05-29 05:16:51',NULL);
INSERT INTO sessions VALUES('20c9726e-9adc-4fae-ab57-ea6f0f186276','local_default_user','regular','active',0,0,'q08','2026-05-29 05:17:25',NULL);
INSERT INTO sessions VALUES('afb290c2-9194-4246-a3dc-4421822d656a','local_default_user','regular','active',0,0,'q08','2026-05-29 05:17:25',NULL);
INSERT INTO sessions VALUES('5e3e453c-fcbe-4f4c-908f-4e3f96dbe0ce','local_default_user','regular','active',0,0,'q08','2026-05-29 05:17:28',NULL);
INSERT INTO sessions VALUES('e82be812-980b-4eee-9809-7b29d5722824','local_default_user','regular','active',0,0,'q08','2026-05-29 05:17:28',NULL);
INSERT INTO sessions VALUES('f2e4e512-7910-44ed-ba2a-877ca7d5b43d','local_default_user','regular','active',0,0,'q08','2026-05-29 05:45:22',NULL);
INSERT INTO sessions VALUES('b112bb02-eb88-4ecf-a32a-97c250a0a8af','local_default_user','regular','active',0,0,'q08','2026-05-29 05:45:22',NULL);
INSERT INTO sessions VALUES('22dee53f-5175-4ddb-b040-312311935ebb','local_default_user','regular','active',0,0,'q08','2026-05-29 05:45:29',NULL);
INSERT INTO sessions VALUES('482eb781-2ef2-4c4e-8ea2-ccaeda020d18','local_default_user','regular','active',0,0,'q08','2026-05-29 05:45:29',NULL);
INSERT INTO sessions VALUES('f6ea8cb6-fd96-4504-8efa-e60f8c1323dd','local_default_user','regular','active',0,0,'q08','2026-05-29 06:16:38',NULL);
INSERT INTO sessions VALUES('dc77002d-60bd-4d21-a01c-f1c58269ef93','local_default_user','regular','active',0,0,'q08','2026-05-29 06:16:38',NULL);
INSERT INTO sessions VALUES('bd1e87f8-fc0a-4e2f-ba40-98b33d0ca03b','local_default_user','regular','active',0,0,'q08','2026-05-29 06:29:12',NULL);
INSERT INTO sessions VALUES('5ba9f9bf-4fbb-4a2f-a173-4abd09ea1788','local_default_user','regular','active',0,0,'q08','2026-05-29 06:29:12',NULL);
INSERT INTO sessions VALUES('9445aad2-4ba3-4409-8e41-b997a6c088ed','local_default_user','regular','active',0,0,'q08','2026-05-29 06:29:16',NULL);
INSERT INTO sessions VALUES('f415cce7-1958-4f09-9289-13f126532a1d','local_default_user','regular','active',0,0,'q08','2026-05-29 06:29:16',NULL);
INSERT INTO sessions VALUES('b423b2ed-1c23-4611-a663-03dd0bb7b5ff','local_default_user','regular','active',0,0,'q08','2026-05-29 06:32:29',NULL);
INSERT INTO sessions VALUES('22784cea-736c-419a-80d9-163fa8eb04fb','local_default_user','regular','active',0,0,'q08','2026-05-29 06:32:29',NULL);
INSERT INTO sessions VALUES('d9556d49-6b24-4e82-b041-9e211fb51ba9','local_default_user','regular','active',0,0,'q08','2026-05-29 06:42:23',NULL);
INSERT INTO sessions VALUES('4c525819-58fb-4219-a8cf-0dcc3f84ebbc','local_default_user','regular','active',0,0,'q08','2026-05-29 06:42:23',NULL);
INSERT INTO sessions VALUES('93ecdc99-7eec-4bce-958f-2c874f290180','local_default_user','regular','active',0,0,'q08','2026-05-29 06:42:59',NULL);
INSERT INTO sessions VALUES('00025d4a-795d-4741-aec8-91f0cca11fc0','local_default_user','regular','active',0,0,'q08','2026-05-29 06:42:59',NULL);
INSERT INTO sessions VALUES('ff2b9d8d-53d9-497f-9f3a-089cc18845ea','local_default_user','regular','active',0,0,'q08','2026-05-29 06:50:17',NULL);
INSERT INTO sessions VALUES('74b2bb95-3995-42b8-a5fe-483b5b794f09','local_default_user','regular','active',0,0,'q08','2026-05-29 06:50:17',NULL);
INSERT INTO sessions VALUES('5af78cde-91e7-4b93-8cf9-cc8541100596','local_default_user','regular','active',0,0,'q08','2026-05-29 06:51:16',NULL);
INSERT INTO sessions VALUES('6b67e6c9-db44-442d-bdf0-387d12ea60c1','local_default_user','regular','active',0,0,'q08','2026-05-29 06:51:16',NULL);
INSERT INTO sessions VALUES('a40ebc6e-f2e0-4825-aa96-e07e471a43ab','local_default_user','regular','active',0,0,'q08','2026-05-29 06:55:29',NULL);
INSERT INTO sessions VALUES('bd7450fb-8c6d-4f1a-b2ec-8ab7c7e08eb3','local_default_user','regular','active',0,0,'q08','2026-05-29 06:55:29',NULL);
INSERT INTO sessions VALUES('b3efc20a-67d1-4edc-afae-8b9d39074ede','local_default_user','regular','active',0,0,'q08','2026-05-29 13:27:50',NULL);
INSERT INTO sessions VALUES('48ca2f2a-f036-4a9b-8368-26d3add776e3','local_default_user','regular','active',0,0,'q08','2026-05-29 13:27:50',NULL);
INSERT INTO sessions VALUES('3d41b906-310a-4841-93e6-fc99288562fd','local_default_user','regular','active',0,0,'q08','2026-05-29 13:28:13',NULL);
INSERT INTO sessions VALUES('8a2cb6ce-f252-4560-9c06-d9e9b53abddb','local_default_user','regular','active',0,0,'q08','2026-05-29 13:28:13',NULL);
INSERT INTO sessions VALUES('2c945058-75d0-467e-b719-bce6f37adbcd','local_default_user','regular','active',0,0,'q08','2026-05-30 00:10:13',NULL);
INSERT INTO sessions VALUES('cf83c04d-8edc-4576-ada5-f433b923b397','local_default_user','regular','active',0,0,'q08','2026-05-30 00:10:13',NULL);
INSERT INTO sessions VALUES('4782e60b-76ad-4cd0-82ca-5f06b9cb6050','local_default_user','regular','active',0,0,'q08','2026-05-30 13:31:12',NULL);
INSERT INTO sessions VALUES('7d6c8cf1-9376-466b-bd2a-ca1fa51984a8','local_default_user','regular','active',0,0,'q08','2026-05-30 13:31:12',NULL);
INSERT INTO sessions VALUES('a59e952f-2499-41b8-9b99-cb043b738bdc','local_default_user','regular','active',0,0,'q08','2026-05-30 13:31:23',NULL);
INSERT INTO sessions VALUES('cc4a6681-4dd4-481f-8345-d1773f4e480d','local_default_user','regular','active',0,0,'q08','2026-05-30 13:31:23',NULL);
INSERT INTO sessions VALUES('8febf2df-1103-429d-9afe-e1ff62cfe3e6','local_default_user','regular','active',0,0,'q08','2026-05-30 15:39:51',NULL);
INSERT INTO sessions VALUES('ad692a7a-5969-4b1d-8fd8-3438d3ee36c5','local_default_user','regular','active',0,0,'q08','2026-05-30 15:39:51',NULL);
INSERT INTO sessions VALUES('811c7428-c2f4-4a05-8b99-5d79d7f96d9a','local_default_user','regular','active',0,0,'q08','2026-05-30 15:40:02',NULL);
INSERT INTO sessions VALUES('687d0718-6917-4618-b468-8cbb57ebdabe','local_default_user','regular','active',0,0,'q08','2026-05-30 15:40:02',NULL);
INSERT INTO sessions VALUES('d078959e-8e14-4036-999f-437f686bb9bb','local_default_user','regular','active',0,0,'q08','2026-05-31 05:37:49',NULL);
INSERT INTO sessions VALUES('a3d91627-4f42-4839-b2f2-ba1782a1c4c7','local_default_user','regular','active',0,0,'q08','2026-05-31 05:37:49',NULL);
INSERT INTO sessions VALUES('2e5c1619-d38b-4d8b-90b8-1e37f4eed6eb','local_default_user','regular','active',0,0,'q08','2026-05-31 05:59:23',NULL);
INSERT INTO sessions VALUES('faef8a28-eb25-401a-846a-b8f53bc28783','local_default_user','regular','active',0,0,'q08','2026-05-31 05:59:23',NULL);
INSERT INTO sessions VALUES('5ecb9973-f4f3-4444-bb39-e75a4fed6023','local_default_user','regular','active',0,0,'q08','2026-06-01 01:59:18',NULL);
INSERT INTO sessions VALUES('d0892507-374f-4de4-8c4c-81f4f58ed3f5','local_default_user','regular','active',0,1,'q08','2026-06-01 01:59:18',NULL);
INSERT INTO sessions VALUES('7da1bb9a-4df1-45d0-8419-eed79cfbae41','local_default_user','regular','active',0,0,'q08','2026-06-01 01:59:56',NULL);
INSERT INTO sessions VALUES('fc3fa0b1-d9bd-47d9-a752-1f0119460e3a','local_default_user','regular','active',3,1,'q17','2026-06-01 01:59:56',NULL);
INSERT INTO sessions VALUES('7195ff8b-9099-430f-9b40-9ccdb5ec9bab','local_default_user','regular','completed',2,0,'q09','2026-06-01 02:05:25','2026-06-01 02:19:27');
INSERT INTO sessions VALUES('34c6e47a-e4de-48ca-ab51-c957bc4af146','local_default_user','regular','completed',2,0,'q18','2026-06-01 02:39:10','2026-06-01 03:20:51');
INSERT INTO sessions VALUES('ab031bfa-4122-48c6-b54e-f8a74f5289de','local_default_user','regular','completed',1,0,'q22','2026-06-01 03:26:41','2026-06-01 03:29:50');
INSERT INTO sessions VALUES('2852fb1a-77bc-4f77-8942-874b91bcbcce','local_default_user','regular','completed',1,1,'q36','2026-06-01 03:34:37','2026-06-01 03:39:51');
INSERT INTO sessions VALUES('79c09c16-73c9-40a1-8315-5cf0373a2c73','local_default_user','regular','completed',3,0,'q21','2026-06-01 03:44:47','2026-06-01 03:47:32');
INSERT INTO sessions VALUES('c118147a-27dd-43e9-ab47-c682e2f148eb','local_default_user','regular','completed',2,0,'q30','2026-06-01 03:55:36','2026-06-01 03:58:08');
INSERT INTO sessions VALUES('9986e9f2-2a89-4203-bdb0-514f7c182481','local_default_user','regular','completed',0,0,'q33','2026-06-01 04:01:02','2026-06-01 04:02:12');
INSERT INTO sessions VALUES('485ee990-13e2-499f-a5d4-900b56ceb71d','local_default_user','regular','completed',2,0,'q38','2026-06-01 04:02:17','2026-06-01 04:04:14');
INSERT INTO sessions VALUES('ce30a1ef-73d6-42fa-bb3f-26bba0de2743','local_default_user','regular','completed',2,0,'q14','2026-06-01 04:10:30','2026-06-01 04:11:43');
INSERT INTO sessions VALUES('1e4416ba-2914-4370-87f2-cc63f9fddeb9','local_default_user','regular','completed',1,0,'q44','2026-06-01 07:25:53','2026-06-01 07:28:08');
INSERT INTO sessions VALUES('c702f34b-e94d-4fae-966a-9b50c2ac118c','local_default_user','regular','completed',0,1,'q42','2026-06-01 07:34:35','2026-06-01 07:40:42');
INSERT INTO sessions VALUES('32852035-455d-465d-bedb-aa3bd46b1cc9','local_default_user','regular','completed',2,0,'q31','2026-06-01 07:45:20','2026-06-01 07:47:26');
INSERT INTO sessions VALUES('3c965e9d-2be6-47d4-a52e-abe539d01ed0','local_default_user','regular','completed',1,0,'q32','2026-06-01 07:55:19','2026-06-01 08:00:27');
INSERT INTO sessions VALUES('3851fc62-c08c-4d53-b0e4-d00722ccfbef','local_default_user','regular','completed',3,0,'q40','2026-06-01 08:01:24','2026-06-01 08:15:05');
CREATE TABLE raw_logs (
      id TEXT PRIMARY KEY,
      user_id TEXT NOT NULL,
      session_id TEXT NOT NULL,
      role TEXT NOT NULL CHECK(role IN ('system', 'assistant', 'user')),
      content TEXT NOT NULL,
      created_at TEXT NOT NULL DEFAULT CURRENT_TIMESTAMP,
      FOREIGN KEY (user_id) REFERENCES users(id) ON DELETE CASCADE,
      FOREIGN KEY (session_id) REFERENCES sessions(id) ON DELETE CASCADE
    );
INSERT INTO raw_logs VALUES('75cd0423-1fd9-47b1-9b44-c143d84735e0','local_default_user','e28edb32-d456-470c-91c9-3de07a02c46c','assistant','子供の頃、どんな遊びに夢中になっていましたか？','2026-05-24 09:39:30');
INSERT INTO raw_logs VALUES('534409f0-0d07-46cc-bdcd-838c55ec3dd3','local_default_user','65c0dac6-84a9-4878-847a-3540166740ee','assistant','子供の頃、どんな遊びに夢中になっていましたか？','2026-05-24 09:39:30');
INSERT INTO raw_logs VALUES('9e74c573-27e3-4377-9093-6c0f476f59a5','local_default_user','b02ac243-9cfe-4ed4-a0fe-eafcf09c5372','assistant','子供の頃、どんな遊びに夢中になっていましたか？','2026-05-24 09:39:31');
INSERT INTO raw_logs VALUES('aca3278f-5cce-4166-869b-cd384f1523cc','local_default_user','f2e33cad-0e9a-48dc-8437-a54271891c34','assistant','子供の頃、どんな遊びに夢中になっていましたか？','2026-05-24 09:39:31');
INSERT INTO raw_logs VALUES('d58d85c9-0910-4342-a3ba-fe4fa456fd28','local_default_user','7dd93182-bc67-4629-9609-4bf2c44b3702','assistant','子供の頃、どんな遊びに夢中になっていましたか？その中で、今のあなたに活きている感覚はありますか？','2026-05-24 12:51:59');
INSERT INTO raw_logs VALUES('d03f2b7b-6a21-49c6-b0ee-b64de2f1f148','local_default_user','eb9121a2-3932-4c9f-ad44-a6427a9ce95c','assistant','子供の頃、どんな遊びに夢中になっていましたか？その中で、今のあなたに活きている感覚はありますか？','2026-05-24 12:51:59');
INSERT INTO raw_logs VALUES('61df533c-e89b-4afa-89ec-0cc14e8ebb8e','local_default_user','d666e1ee-ffe4-4f27-9977-61d1ff48214b','assistant','子供の頃、どんな遊びに夢中になっていましたか？その中で、今のあなたに活きている感覚はありますか？','2026-05-24 12:52:23');
INSERT INTO raw_logs VALUES('a2864e8f-8dac-498b-8b65-15c95ef27814','local_default_user','23b28aa5-6a3e-45e3-b457-efe4e5947240','assistant','子供の頃、どんな遊びに夢中になっていましたか？その中で、今のあなたに活きている感覚はありますか？','2026-05-24 12:52:24');
INSERT INTO raw_logs VALUES('233d431a-58e4-4a16-b4d7-22e2058965fb','local_default_user','b402367f-1d01-4b8a-9209-9530b15ba361','assistant','子供の頃、どんな遊びに夢中になっていましたか？その中で、今のあなたに活きている感覚はありますか？','2026-05-25 02:44:31');
INSERT INTO raw_logs VALUES('476f7dd1-6d40-44b4-bd15-b321fae104a0','local_default_user','3d635042-43c3-44f3-92dc-fcd3a98a5c64','assistant','子供の頃、どんな遊びに夢中になっていましたか？その中で、今のあなたに活きている感覚はありますか？','2026-05-25 02:44:32');
INSERT INTO raw_logs VALUES('f1b48d55-610d-45b7-b9b4-1c28f0b3e726','local_default_user','ff8c4185-f3aa-4145-afc0-6e731432aee7','assistant','子供の頃、どんな遊びに夢中になっていましたか？その中で、今のあなたに活きている感覚はありますか？','2026-05-25 03:21:40');
INSERT INTO raw_logs VALUES('c362ca67-c496-4e48-ab63-d586f491e6c6','local_default_user','f0c426fa-8d7a-4933-9c7f-dd11a38e372d','assistant','子供の頃、どんな遊びに夢中になっていましたか？その中で、今のあなたに活きている感覚はありますか？','2026-05-25 03:21:40');
INSERT INTO raw_logs VALUES('27659690-af6a-4996-8d60-986bb224fdf8','local_default_user','10d6aa58-465a-4589-a1f4-7938c55543d4','assistant','子供の頃、どんな遊びに夢中になっていましたか？その中で、今のあなたに活きている感覚はありますか？','2026-05-25 11:22:22');
INSERT INTO raw_logs VALUES('22af8085-0438-4a21-b89e-f1b750e9c6aa','local_default_user','50bb5fd8-bd7f-47b1-8bdf-21da7d2b18d4','assistant','子供の頃、どんな遊びに夢中になっていましたか？その頃のあなたを思い浮かべてみてくださいね。','2026-05-25 11:22:22');
INSERT INTO raw_logs VALUES('f45ad450-6edb-4846-825c-894deeeee0ad','local_default_user','0a5c180b-3145-4429-bd45-f7bb1fcd182e','assistant','子供の頃、どんな遊びに夢中になっていましたか？その中で、今のあなたに活きている感覚ってありますか？','2026-05-28 06:18:32');
INSERT INTO raw_logs VALUES('bb926b86-1b38-4e0b-9802-c3de2912529f','local_default_user','8e6948c3-1943-4d10-8eae-75d42b42c07b','assistant','子供の頃、どんな遊びに夢中になっていましたか？その中で、今のあなたに活きている感覚ってありますか？','2026-05-28 06:18:32');
INSERT INTO raw_logs VALUES('2983b921-ae1c-472a-b56d-19c4a3b1074e','local_default_user','a74427cf-8852-4b86-beef-fc5accca02ba','assistant','子供の頃、どんな遊びに夢中になっていましたか？その中で、今のあなたに活きている感覚はありますか？','2026-05-28 06:23:34');
INSERT INTO raw_logs VALUES('1e8bb23a-cf2e-45a5-90f9-f8c64121843c','local_default_user','8aad08da-e6b7-4f68-a077-1b061d5020a7','assistant','子供の頃、どんな遊びに夢中になっていましたか？その中で、今のあなたに活きている感覚はありますか？','2026-05-28 06:23:34');
INSERT INTO raw_logs VALUES('4f687de8-bbdd-4507-846e-22e1098506b9','local_default_user','b0b19dfb-0bfd-4f36-8dda-1b0c09b1e8c6','assistant','子供の頃、どんな遊びに夢中になっていましたか？その中で、今のあなたに活きている感覚ってありますか？','2026-05-28 06:24:55');
INSERT INTO raw_logs VALUES('97d7bcbf-cab9-41c4-883d-3e5fc55f83f1','local_default_user','d353a87a-d92a-43d1-8428-61570c9554f9','assistant','子供の頃、どんな遊びに夢中になっていましたか？その中で、今のあなたに活きている感覚ってありますか？','2026-05-28 06:24:55');
INSERT INTO raw_logs VALUES('125906eb-1e16-4229-9324-436a6dc2eb5b','local_default_user','d567dd02-01d1-4aa6-8297-e175a9ae6e57','assistant','子供の頃、どんな遊びに夢中になっていましたか？その中で、今のあなたに活きている感覚ってありますか？','2026-05-28 06:49:54');
INSERT INTO raw_logs VALUES('8bd847a5-2d6e-487b-b94c-d51fc461bd04','local_default_user','6a096614-43fd-48ed-843d-12f5af06996d','assistant','子供の頃、どんな遊びに夢中になっていましたか？その中で、今のあなたに活きている感覚はありますか？','2026-05-28 06:49:54');
INSERT INTO raw_logs VALUES('7766fefc-6a7a-4bb3-b8de-7ed200bd03c2','local_default_user','6a16e7c4-1dcf-44b2-a08c-6fbd51ef04a8','assistant','あなたの人生で転機になったできごとを教えてください。複数あれば全部話してください。','2026-05-28 07:07:44');
INSERT INTO raw_logs VALUES('21052a74-0955-467d-b4b4-39b009315c2b','local_default_user','6a16e7c4-1dcf-44b2-a08c-6fbd51ef04a8','user',unistr('転機、ですか……いくつかありますね。\u000a\u000aまず会社員時代、キヤノンを辞めたとき。病んでたんですよ、あそこで。「自分が活躍できる場所は自分で作るしかない」って思って飛び出した。あの決断がなければ今の自分はなかったと思います。\u000a\u000a次は会社が潰れて鬱になったとき。あれは本当につらかった。でもそこでSE（ソマティック・エクスペリエンシング）に出会って、「頭じゃなくて体で判断する」という軸ができた。人生で一番大事なことを学んだ時期かもしれない。\u000a\u000aそして2025年の秋、成田空港第2ターミナル。バックパック1つで歩いたとき、なぜかその瞬間だけ妙に体が軽くて、肩が広がるような感覚があって。「あ、これだ」って。それで海外移住を決めました。頭で決めたんじゃなくて、体が決めたんです。'),'2026-05-28 07:08:09');
INSERT INTO raw_logs VALUES('27787b19-f2c4-48bd-8cdb-d27f9a0f1ce1','local_default_user','6a16e7c4-1dcf-44b2-a08c-6fbd51ef04a8','assistant','素晴らしいですね。特に成田空港での「体が決めた」という感覚、とても鮮明に伝わってきます。今はどのようなことに取り組んでいらっしゃいますか？','2026-05-28 07:08:12');
INSERT INTO raw_logs VALUES('8079d067-fb31-45ab-af61-47312380c505','local_default_user','6a16e7c4-1dcf-44b2-a08c-6fbd51ef04a8','user','正直に言うと……今は結構しんどい時期で（笑）。現金が底をつきかけてて、6月以降どうするかって毎日考えてます。Udemyのコースを出し続けてはいるんですけど、それだけじゃ全然足りなくて。ITエージェント経由で仕事も探してるんですが、見てると「またこれか」って胃のあたりが重くなる案件ばかりで。以前みたいな偽装請負に戻るのか……って考えると、体が縮む感じがするんですよね。だから今は、そうじゃない道を必死で模索してる、という感じです。','2026-05-28 07:08:30');
INSERT INTO raw_logs VALUES('0bbccf59-d6a3-497e-ada6-a8eedfdc5577','local_default_user','ffa47805-d640-49b7-b271-6278e8677a93','assistant','あなたの人生で転機になったできごとを教えてください。複数あれば全部話してください。','2026-05-28 07:34:35');
INSERT INTO raw_logs VALUES('43d48fda-81eb-4794-aa3a-6fa24610585a','local_default_user','ffa47805-d640-49b7-b271-6278e8677a93','user',unistr('転機、か…いくつかありますね。\u000a\u000aまずキヤノンを辞めたこと。仕事ができなくて病んでて、「自分の居場所は自分で作るしかない」って思って飛び出した。あれがなければ今の自分はいないです。\u000a\u000a次は会社が潰れて鬱になったとき。4000万の借金を抱えて、2ヶ月ゴロゴロしてても眠れない・食べられないって状態で…あのときにSEっていう身体的なアプローチに出会ったんです。「頭じゃなくて体の感覚で生きる」ってやつ。これは今でも自分の判断軸になってる。\u000a\u000aで、一番最近の転機が、2025年の秋にベトナムに行ったとき。というか正確には成田空港で、バックパック一個持って歩いた瞬間ですね。なぜかその瞬間だけ、体がすーっと軽くなって。「あ、これだ」って。頭で考えたんじゃなくて体が決めた感じ。それで海外移住を決断しました。'),'2026-05-28 07:34:55');
INSERT INTO raw_logs VALUES('8e25a380-46de-4068-9d81-607e32d8dcf0','local_default_user','ffa47805-d640-49b7-b271-6278e8677a93','assistant',unistr('ありがとうございます。キヤノンを辞めたとき、会社が潰れたとき、そして成田空港でのあの瞬間…どれも体で感じた決断だったんですね。特に成田空港で体が軽くなった感覚、とても鮮明に伝わってきました。\u000a\u000a今はベトナムにいらっしゃるんですか？それとも別の場所で、何かに取り組まれている最中でしょうか？'),'2026-05-28 07:35:06');
INSERT INTO raw_logs VALUES('0a4ee960-7bc2-4eb9-b3d1-900020e98a98','local_default_user','ffa47805-d640-49b7-b271-6278e8677a93','user',unistr('今は東南アジアをベースにしながら、仕事探してる最中ですね。ベトナムからスタートして、今は移動しながらって感じで。\u000a\u000a荷物はスーツケース一つとバックパックだけで生活してて…これが想像以上に心地よくて。モノが少ないと頭も軽い気がするんですよね。\u000a\u000a仕事はというと、ITエージェント経由でエンジニアの仕事を探してるんですけど、まあ正直しんどいですよ。いい案件が全然なくて。Udemyのコースも出し続けてるけど、現金が底をつきそうで…6月以降が本当に綱渡りな状況で。\u000a\u000aでも不思議と「焦って変な仕事に飛びつこう」っていう感覚はなくて。体が「それは違う」って言ってるんですよね、ちゃんと。まあ財布は焦ってるんですけど（笑）。'),'2026-05-28 07:35:27');
INSERT INTO raw_logs VALUES('62311dc4-4eca-4810-a85d-78b068fec646','local_default_user','3797274d-4f88-4e10-a323-05d49eadb9b4','assistant','子供の頃、どんな遊びに夢中になっていましたか？その中で、今のあなたに活きている感覚ってありますか？','2026-05-28 07:36:06');
INSERT INTO raw_logs VALUES('636366ba-503c-460e-bef4-a20ab654869b','local_default_user','71dba6b2-982c-4cae-9e4b-400fab601938','assistant','子供の頃、どんなことに夢中になって遊んでいましたか？その時間がどんなふうにあなたの今のエンジニアとしてのスキルや考え方につながっていると思いますか？','2026-05-28 07:36:06');
INSERT INTO raw_logs VALUES('2dc32cf5-3d1b-4772-8d7b-898967c64ad0','local_default_user','71dba6b2-982c-4cae-9e4b-400fab601938','user',unistr('子供の時はプラレールやレゴだねー\u000a何かを作ることにつながっている気がする'),'2026-05-28 07:36:31');
INSERT INTO raw_logs VALUES('0f528b6d-7d48-4298-933f-8854c4aed8c9','local_default_user','71dba6b2-982c-4cae-9e4b-400fab601938','assistant','プラレールやレゴ、いいですね！線路をどうつなげるか、どんな街を作るか、自分で考えて形にしていく楽しさがあったんじゃないかな。今のシステム設計やプロジェクト管理にも、その「組み立てる楽しさ」が生きているように感じます。特に印象に残っている作品や、工夫したエピソードはありますか？','2026-05-28 07:36:36');
INSERT INTO raw_logs VALUES('7eb69bd7-193c-4cc3-963f-9841e819fd32','local_default_user','bd97ae68-4a9a-4b08-bb23-64f6f68d2e64','assistant','あなたの人生で転機になったできごとを教えてください。複数あれば全部話してください。','2026-05-28 07:51:20');
INSERT INTO raw_logs VALUES('0cb651fc-1001-4d62-aba7-12e66e96c66c','local_default_user','bd97ae68-4a9a-4b08-bb23-64f6f68d2e64','user',unistr('転機、いくつかありますね。まず最初は浪人のとき。どこにも属してない状態が、なぜか妙に心地よくて。あの自由さが今の自分の原型な気がします。\u000a\u000a次はキヤノンを辞めたとき。病んでたんですよね、正直。「自分の場所は自分で作るしかない」って思って飛び出した。\u000a\u000aでも一番大きかったのは、会社経営が終わって鬱になったとき。あのとき出会ったSE（ソマティック・エクスペリエンシング）が、体の感覚を判断軸にするっていう今の生き方の土台になっています。\u000a\u000aそして去年の成田空港。バックパック一つ持って第2ターミナルを歩いた瞬間、足から羽が生えたみたいに体が軽くなって。「あ、海外に住もう」って決めたのはその感覚からでした。頭で考えたわけじゃなくて、体が先に動いたんですよね。'),'2026-05-28 07:51:39');
INSERT INTO raw_logs VALUES('3d840598-b361-4bfe-9582-97b659ee6a8a','local_default_user','bd97ae68-4a9a-4b08-bb23-64f6f68d2e64','assistant','浪人、キヤノン退職、経営破綻、成田空港での決断…どれも体感を伴った転機ですね。特に成田の話、足から羽が生えたような感覚、とても鮮明に伝わってきます。今は海外に住まれているんですか？それとも準備中ですか？','2026-05-28 07:51:41');
INSERT INTO raw_logs VALUES('ef2f2766-3604-47bc-902c-00455eebe1cb','local_default_user','bd97ae68-4a9a-4b08-bb23-64f6f68d2e64','user',unistr('もう出てますよ、実際に。2026年2月の末に東京のマンションを引き払って、翌日には東南アジアに飛んだので。荷物はスーツケース1つとバックパックだけで。\u000a\u000a今のところ「軽やかに生きる」ってのを文字通り実践してます。重い荷物もないし、固定費もほぼゼロになって。ただ正直、現実問題として、お金の面はなかなかしんどいですね。仕事も探してますが、なかなか理想通りにはいかなくて。\u000a\u000aでも体の感覚は悪くないんですよ。それだけは確かで。'),'2026-05-28 07:51:53');
INSERT INTO raw_logs VALUES('a26b4b63-e85b-4bf6-8de3-b8c4e3d20d24','local_default_user','7bd3a7fe-2265-4d41-8b62-6809814df610','assistant','あなたの人生で転機になったできごとを教えてください。複数あれば全部話してください。','2026-05-28 07:58:09');
INSERT INTO raw_logs VALUES('046d7e34-4dab-46ea-a093-8aded9716283','local_default_user','3bdb6a73-6abb-4f32-8127-92154b8aa52f','assistant','あなたの人生で転機になったできごとを教えてください。複数あれば全部話してください。','2026-05-28 07:59:00');
INSERT INTO raw_logs VALUES('2cc0ba37-573d-4c7b-8fb4-4a698bbc37fd','local_default_user','3bdb6a73-6abb-4f32-8127-92154b8aa52f','user',unistr('転機、か…。いくつかありますね。\u000a\u000aまず一番古いのは浪人のとき。高校卒業して、どこにも属していない1年間があって。学校でも会社でもない、役割も肩書きもない状態が、なぜかすごく心地よかったんです。あの感覚、今でも覚えてて。たぶん今の生き方の原型はあそこにあると思ってる。\u000a\u000a次は会社が潰れたとき。借金4000万抱えて、従業員も全員去って、鬱になって。あの時期は本当につらかった。眠れない、食べられない。そこでSEっていう療法に出会って、「体の感覚を信じる」ということを初めてちゃんと学んだ。頭じゃなくて体で判断するって、それまでの自分には完全になかった視点で。\u000a\u000aで、一番最近の転機は、2025年の秋にベトナムに行ったとき。厳密に言うと成田空港の第2ターミナルで、バックパック1つ持って歩いた瞬間。なんか…妙に体が軽くて、肩とか胸が広がる感じがして。「あ、これだ」って。その感覚だけで海外移住を決めました。論理じゃなかったですね、完全に。'),'2026-05-28 07:59:23');
INSERT INTO raw_logs VALUES('66e1d0cc-b9f6-4809-86c7-2587d88f67cb','local_default_user','3bdb6a73-6abb-4f32-8127-92154b8aa52f','assistant','浪人時代の心地よさ、会社が潰れたときのSEとの出会い、そして成田空港での体感…どれも鮮明な場面ですね。特に成田での「体が軽くなった」感覚は、まさに今のあなたの原動力になっているように感じます。現在はベトナムに拠点を移されているんですか？それとも別の場所で何かに取り組まれていますか？','2026-05-28 07:59:31');
INSERT INTO raw_logs VALUES('38f7d4b6-0cd4-452c-bbff-0137729de0bd','local_default_user','3bdb6a73-6abb-4f32-8127-92154b8aa52f','user',unistr('あ、ベトナムが起点ではあるんですけど、今は転々としてる感じです。東南アジアをぐるぐると。荷物はスーツケース1つとバックパックなんで、動こうと思えば翌日には動けて。それが今のところすごく合ってる。\u000a\u000aただ…正直に言うと、今は仕事のことで頭がいっぱいで。現金がもう底をつきそうで、6月以降どうするかを毎日考えてる。Udemyのコースも出してるんですけど、焼け石に水というか。「軽やかに生きたい」とか言いながら、お金の話になると体がぎゅっと縮む感覚がして、嫌だなって思います。'),'2026-05-28 07:59:56');
INSERT INTO raw_logs VALUES('7c5c8a41-183e-4952-8dfd-001f0ad120c6','local_default_user','8bc35037-898d-4b87-afa3-97185b5eb230','assistant','子供の頃、どんな遊びに夢中になっていましたか？その中で、今のあなたに活きている感覚はありますか？','2026-05-28 08:02:45');
INSERT INTO raw_logs VALUES('fe52dc0d-7b36-474d-96f7-dbf6ecbe58a5','local_default_user','6c1cf6c2-ac53-46c1-afe9-dad70568d58f','assistant','子供の頃、どんな遊びに夢中になっていましたか？その中で、今のあなたに活きている感覚はありますか？','2026-05-28 08:02:45');
INSERT INTO raw_logs VALUES('dc2f6a35-9362-4291-a607-7930648359cb','local_default_user','e37ef1e2-dd8f-4fcf-af8f-39d908649f0e','assistant','あなたの人生で転機になったできごとを教えてください。複数あれば全部話してください。','2026-05-28 08:02:56');
INSERT INTO raw_logs VALUES('150430a0-4fce-4964-b640-30ba89947ad4','local_default_user','e37ef1e2-dd8f-4fcf-af8f-39d908649f0e','user',unistr('転機か……いくつかあるんですけど、まず一番古いのは浪人してたときですね。高校卒業して、どこにも属してない時期が1年あって。学校でも会社でもない、肩書きがゼロの状態。当時は焦りもあったんですけど、今思うとあの「誰にも評価されない感じ」がすごく心地よかったんですよね。あれが自分の原型だと思ってます。\u000a\u000a次がキヤノンを辞めたとき。仕事できなくて病んでたんですけど、「自分の場所は自分で作るしかない」ってなって飛び出して。怖かったけど、あのときの決断がなければエンジニアとしての今はなかった。\u000a\u000aでも一番大きかったのは2021年に会社が終わったあとですね。鬱になって、カウンセラーからSEっていう身体的なアプローチに出会って。「体の感覚に従っていい」って知ったのは、本当に人生変わりました。\u000a\u000aそしてもう一個。2025年の秋、ベトナム旅行に行くとき、成田空港でバックパック1個だけ持って歩いた瞬間。なんか、足から羽が生えたみたいに体が軽くて。「あ、これが自分の生き方だ」ってそのとき決めました。あの感覚が今の海外生活の起点です。'),'2026-05-28 08:03:19');
INSERT INTO raw_logs VALUES('8eb64ad4-90a4-44c1-b180-fe4c9128ea2e','local_default_user','e37ef1e2-dd8f-4fcf-af8f-39d908649f0e','assistant',unistr('素晴らしいですね。浪人時代、キヤノン退職、2021年の会社の終わり、そして2025年のベトナム旅行——4つの転機が鮮やかに浮かび上がってきました。特に「肩書きゼロの心地よさ」「体の感覚に従う」「足から羽が生えたような軽さ」といった、そのときの感情や身体感覚がとてもリアルで、それぞれの場面に一緒に立ち会っている気持ちになります。\u000a\u000a今、あなたはどんなことに取り組んでいるんですか？海外生活が起点になったとのことですが、今の「章」について教えてください。'),'2026-05-28 08:03:23');
INSERT INTO raw_logs VALUES('cd06928e-41ac-42b1-a53f-f4e42fa17ffd','local_default_user','e37ef1e2-dd8f-4fcf-af8f-39d908649f0e','user',unistr('今は……正直に言うと、「軽やかに生きる」を実践してる真っ最中なんですけど、財布がどんどん軽くなってる状態で（笑）。\u000a\u000a東南アジアに拠点を移してUdemyのコース出し続けて、フリーで仕事も探してるんですけど、ITエージェント経由の案件って見てると絶望的で。「またあの偽装請負に戻るのか」って自分に問いかけながら、首を縦に振れないでいる感じです。\u000a\u000a体が「嫌だ」って言ってるのはわかってるんですよ。でもお金が切迫してくると、その感覚が遠くなっていく。頭が「とにかく稼がないと」モードになって。これ、ずっと繰り返してるパターンで、自分でもわかってるんですけどね。\u000a\u000a今の章を一言で言うと、「軽さを守れるか守れないかの瀬戸際」って感じです。'),'2026-05-28 08:03:44');
INSERT INTO raw_logs VALUES('98f5552d-cadf-4265-bf37-da3aaaf58e0d','local_default_user','e37ef1e2-dd8f-4fcf-af8f-39d908649f0e','assistant',unistr('今の章が「軽さを守れるか守れないかの瀬戸際」——すごくリアルで、胸に響く言葉です。体が「嫌だ」と言っているのに、お金の切迫がその声をかき消していく。そのパターンを自分でわかっているからこそ、なおさらもどかしいですよね。\u000a\u000aでも、ここまでの話を聞いて、あなたの人生の骨格がしっかり見えてきました。\u000a\u000a- **浪人時代**：肩書きゼロの心地よさ\u000a- **キヤノン退職**：自分の場所は自分で作る決断\u000a- **2021年**：体の感覚に従うという気づき\u000a- **2025年ベトナム**：足から羽が生えたような軽さ——海外生活の起点\u000a- **現在**：「軽さを守る」瀬戸際で模索中\u000a\u000aこれだけの転機と、それぞれの場面の感情の手触り、そして今の課題がつながって、あなたの物語の輪郭がはっきりしてきました。今日はここまでで十分な骨格ができたと思います。これからのセッションで、それぞれの転機をもっと深掘りしたり、「軽さを守る」ための具体的な道筋を一緒に考えていけますね。\u000a\u000a今日は本当にありがとうございました。また次回、続きを聞かせてください。'),'2026-05-28 08:03:51');
INSERT INTO raw_logs VALUES('44294d8a-c79a-4fd8-8761-0406d72b3d3e','local_default_user','43d275a0-20fe-4d88-ac61-eecf3d9888a1','assistant','子供の頃、どんなことに夢中になって遊んでいましたか？その時の体の感覚や、心が軽くなる感じを覚えていますか？','2026-05-28 08:14:28');
INSERT INTO raw_logs VALUES('1d15941e-f8d4-45dc-acae-56cb3765e2e6','local_default_user','34f81fbe-9a7a-446f-90d8-5503b28b6bb3','assistant','子供の頃、どんなことに夢中になって遊んでいましたか？その時のワクワクした気持ち、覚えていますか？','2026-05-28 08:14:28');
INSERT INTO raw_logs VALUES('50794465-db22-4ac7-8dc3-193efb2bdad7','local_default_user','967a4c4d-1ce5-44b9-af7f-4135ca94e611','assistant','子供の頃、どんなことをしているときが一番ワクワクしてた？その感覚、今の自分にも何かヒントをくれそうだね。','2026-05-28 08:17:24');
INSERT INTO raw_logs VALUES('2320570e-51c2-402a-8429-0c4f402d4f45','local_default_user','303a3f23-87b8-464f-b119-1e31618c55bd','assistant','子供の頃、どんなことをしているときが一番ワクワクしてた？その感覚、今の自分にも何かヒントをくれそうだね。','2026-05-28 08:17:24');
INSERT INTO raw_logs VALUES('02159f06-a627-49d9-9503-b0b859f0c306','simulate-user','ef312d5f-b726-4768-b08a-dcd0fc5d703f','assistant','あなたの人生で転機になったできごとを教えてください。複数あれば全部話してください。','2026-05-28 13:28:21');
INSERT INTO raw_logs VALUES('a363462b-e55c-4534-bec5-761e3530b80c','local_default_user','31332c39-19ca-42b8-8a85-ced0ad5d03c1','assistant','子供の頃、どんなことに夢中になって遊んでいましたか？そのときの体の感覚や、心が軽くなる感じを覚えていますか？','2026-05-29 00:37:07');
INSERT INTO raw_logs VALUES('1424585d-f488-421c-a9d6-2e7707c824fc','local_default_user','2e270e8e-a540-4d45-b32c-014039d06ec5','assistant','子供の頃、どんなことに夢中になって遊んでいましたか？そのときの体の感覚や、心が軽くなる感じを覚えていますか？','2026-05-29 00:37:07');
INSERT INTO raw_logs VALUES('74a97357-7a8d-4af0-809a-5aad6be32fc4','local_default_user','0e86e6cf-4001-4c9b-962a-8b11aca2a99c','assistant','子供の頃、どんなことに夢中になって遊んでいましたか？その時の体の感覚や気持ちを覚えていますか？','2026-05-29 00:37:13');
INSERT INTO raw_logs VALUES('7c6290b0-9604-4124-a7d5-88b189616c89','local_default_user','9458b689-250e-4bea-b851-5d24c64bb358','assistant','子供の頃、どんなことをしているときが一番ワクワクしてた？そのときの体の感覚、覚えてる？','2026-05-29 00:37:13');
INSERT INTO raw_logs VALUES('ada3ade9-cf22-4e05-899b-fe3742bbd651','local_default_user','68816c08-2df8-4740-bf79-6fc5d34d8971','assistant','子供の頃、どんなことに夢中になって遊んでいましたか？そのときの体の感覚や、心が軽くなる感じを覚えていますか？','2026-05-29 00:50:21');
INSERT INTO raw_logs VALUES('995b76f6-e0d1-4784-a9e5-4b1cc587845f','local_default_user','f1cabf60-55c9-4f86-b2cc-7fefdccfcfb0','assistant','子供の頃、どんなことに夢中になって遊んでいましたか？そのときの体の感覚や、心が軽くなる感じを覚えていますか？','2026-05-29 00:50:21');
INSERT INTO raw_logs VALUES('a0500da2-c105-48d9-a355-730b0aa90235','local_default_user','d281ddcc-2d6d-4558-b37d-45270ce39301','assistant','子供の頃、どんなことに夢中になって遊んでいましたか？その時のワクワクした気持ち、覚えていますか？','2026-05-29 01:17:09');
INSERT INTO raw_logs VALUES('0ede8655-8c4c-401a-8073-6787df98f1b4','local_default_user','8ab72a80-442d-42e0-8cc6-bf4fbfbe8152','assistant','子供の頃、どんなことに夢中になって遊んでいましたか？その時のワクワクした気持ち、覚えていますか？','2026-05-29 01:17:09');
INSERT INTO raw_logs VALUES('0de655a1-b475-4d3e-b88b-f9d4d449b282','local_default_user','b45f53d4-b057-4aeb-a367-a222c9faffdb','assistant','子供の頃、どんなことに夢中になって遊んでいましたか？そのときの体の感覚や、心が軽くなる感じを覚えていますか？','2026-05-29 01:17:23');
INSERT INTO raw_logs VALUES('25194aa0-7bf9-4981-bd86-c540406ac92a','local_default_user','25de5bb9-f968-46a6-9b2f-c10e368ce644','assistant','子供の頃、どんなことに夢中になって遊んでいましたか？そのときの体の感覚や、心が軽くなる感じを覚えていますか？','2026-05-29 01:17:23');
INSERT INTO raw_logs VALUES('01b4f45e-aaad-48ad-83c2-7c29d68c283c','local_default_user','33ce88b9-f49c-4826-9dd1-fbaf370e4e97','assistant','子供の頃、どんなことに夢中になって遊んでいましたか？そのときの体の感覚や、心が軽くなる感じを覚えていますか？','2026-05-29 01:17:25');
INSERT INTO raw_logs VALUES('f8c566f4-332c-4331-a2ab-f3aa12ef0d79','local_default_user','8bfa3488-8878-4db8-b9ec-b9fae7433061','assistant','子供の頃、どんなことに夢中になって遊んでいましたか？そのときの体の感覚や、心が軽くなる感じを覚えていますか？','2026-05-29 01:17:25');
INSERT INTO raw_logs VALUES('1e7ab886-8c45-4005-a91b-db80933dbfcb','local_default_user','8bfa3488-8878-4db8-b9ec-b9fae7433061','user','おやすみなさい','2026-05-29 01:18:06');
INSERT INTO raw_logs VALUES('b3be0717-4426-4776-87f1-773b44b3052d','local_default_user','8bfa3488-8878-4db8-b9ec-b9fae7433061','assistant','おやすみなさい。今日は少しだけお話しできて嬉しかったです。子供の頃の話、また今度ゆっくり聞かせてくださいね。どうぞゆっくり休んで、また元気なときにでもお話ししましょう。おやすみなさい、いい夢を🌙','2026-05-29 01:18:08');
INSERT INTO raw_logs VALUES('956d9f73-5efa-42eb-95d7-0afaeb031663','local_default_user','1071e569-6592-4f22-9438-5e60b17744d0','assistant','幼少期にあなたに大きな影響を与えた人は誰ですか？その人から学んだことや、今のあなたにどうつながっていると感じますか？','2026-05-29 02:56:13');
INSERT INTO raw_logs VALUES('e3e28207-9745-45ed-ba82-f47b0c6b8eaa','local_default_user','e51b018a-36f6-4d81-984f-1f466b62b363','assistant','幼少期にあなたに大きな影響を与えた人は誰ですか？その人から学んだことや、今のあなたにどうつながっているか、少しお聞かせいただけますか？','2026-05-29 02:56:13');
INSERT INTO raw_logs VALUES('c343a3cf-983d-4dfa-8edd-278febec985a','local_default_user','d0de14aa-a993-4836-a748-6bae9d8ea568','assistant','幼少期にあなたに大きな影響を与えた人は誰ですか？その人から学んだことや、今のあなたにどうつながっていると感じますか？','2026-05-29 03:21:37');
INSERT INTO raw_logs VALUES('25f3cc23-6da6-4152-8b9f-4667bcdd6bf2','local_default_user','b2e433a9-8dbf-449f-839f-31d843c57739','assistant','幼少期にあなたに大きな影響を与えた人は誰ですか？その人からどんなことを学びましたか？','2026-05-29 03:21:37');
INSERT INTO raw_logs VALUES('0a778e65-179f-4355-af51-85931adcc0b6','local_default_user','b2e433a9-8dbf-449f-839f-31d843c57739','user','それが全然なくて、あまり良い子供時代ではなかったから記憶がないんだ','2026-05-29 03:22:00');
INSERT INTO raw_logs VALUES('313a81b6-7538-4ddf-a9eb-fd65e3a315f3','local_default_user','b2e433a9-8dbf-449f-839f-31d843c57739','assistant',unistr('そうなんですね…「良い子供時代ではなかった」という言葉に、胸が締め付けられる思いです。記憶がないというのも、それだけ辛いことがあったのかなと想像します。\u000a\u000a無理に思い出そうとする必要は全くありません。ただ、もしよかったらで大丈夫なんですが、「良い子供時代ではなかった」と感じる中で、それでも自分を支えてくれたものは何かあったでしょうか？例えば、本や音楽、一人で過ごす時間や場所など…'),'2026-05-29 03:22:02');
INSERT INTO raw_logs VALUES('264f8d3b-e79a-4515-9906-3b0edf155a25','local_default_user','b2e433a9-8dbf-449f-839f-31d843c57739','user',unistr('なんだろうね？ゲームかな？\u000a後は弟'),'2026-05-29 03:22:26');
INSERT INTO raw_logs VALUES('648daa0b-76e1-4eeb-8383-2a0299b9e06d','local_default_user','b2e433a9-8dbf-449f-839f-31d843c57739','assistant',unistr('ゲームと弟さん…そこに心の拠り所があったんですね。\u000a\u000a特に弟さんとの関係について、もう少し聞かせてもらえますか？どんな風に過ごしていましたか？例えば、一緒にゲームをしたり、お互いを守り合うような関係だったのでしょうか。'),'2026-05-29 03:22:28');
INSERT INTO raw_logs VALUES('33b56ad8-c8cb-48e3-a53a-88d48eb89fb6','local_default_user','b2e433a9-8dbf-449f-839f-31d843c57739','user','一緒にゲームをして僕が守る感じかな？','2026-05-29 03:22:47');
INSERT INTO raw_logs VALUES('ccb196fa-0155-4854-b0ee-61634c97772c','local_default_user','b2e433a9-8dbf-449f-839f-31d843c57739','assistant',unistr('「僕が守る感じ」…子供の頃から弟さんを守る立場だったんですね。それはとても尊いことだと思います。\u000a\u000aその「守る感じ」は、今のあなたの生き方にも何か繋がっているように感じますか？例えば、自分の会社を持とうとしたり、今フリーランスとして自分の道を切り開こうとしていることとか…'),'2026-05-29 03:22:50');
INSERT INTO raw_logs VALUES('a15b863f-5159-4a3a-9747-fe779da59211','local_default_user','b2e433a9-8dbf-449f-839f-31d843c57739','user','いや、守るというのは僕の自己満足なんだ。ただし、おかげで孤独耐性は高いから、自分1人で会社を立ち上げることができたのかもしれない','2026-05-29 03:23:32');
INSERT INTO raw_logs VALUES('92f473a0-1d82-4e6c-9106-7b6f809bc6b4','local_default_user','f32c1b92-7887-4029-948e-1fc9a86a4f60','assistant','あなたの人生に、特に大きな影響を与えた人は誰ですか？その人との出会いや関わりの中で、どんな気づきや変化がありましたか？','2026-05-29 03:24:41');
INSERT INTO raw_logs VALUES('93f2b64a-0664-49b0-bf56-c3e271293136','local_default_user','86e1470d-81e8-47d8-a395-d60527a85b6c','assistant','あなたの人生に、特に大きな影響を与えた人は誰ですか？その人との出会いや関係が、今のあなたにどんな影響を残していると感じますか？','2026-05-29 03:24:41');
INSERT INTO raw_logs VALUES('29ad01a2-a6f4-4b95-90ae-5181a8e2651f','local_default_user','a7a9964e-0cd1-4b18-83fd-f84392a4a53e','assistant','あなたの人生に、特に大きな影響を与えた人は誰ですか？その人との出会いや関わりの中で、どんな気づきや変化がありましたか？','2026-05-29 03:26:30');
INSERT INTO raw_logs VALUES('b00bcb34-07a1-49f3-b040-0451de825742','local_default_user','3e85644f-3809-4761-918e-3541f3fecd54','assistant','あなたの人生に、特に大きな影響を与えた人は誰ですか？その人との出会いや関係が、今のあなたにどんな影響を残していると感じますか？','2026-05-29 03:26:30');
INSERT INTO raw_logs VALUES('c7adef5e-e3c0-4494-9f24-08f4e9c3fc3e','local_default_user','2d7be61f-1c29-49bf-9de1-1e3e5aca7473','assistant','あなたの人生に、特に大きな影響を与えた人は誰ですか？その人との出会いや関わりが、今のあなたにどんな影響を残していると感じますか？','2026-05-29 03:26:37');
INSERT INTO raw_logs VALUES('f49c415d-600c-4a67-91fe-0e2bd3605b16','local_default_user','7f3e1bb4-1397-4c6f-9032-7b9a9bdbc3ca','assistant','あなたの人生に、特に大きな影響を与えた人は誰ですか？その人との出会いや関係が、今のあなたにどんな影響を残していると感じますか？','2026-05-29 03:26:37');
INSERT INTO raw_logs VALUES('472c62cd-a8a5-41ec-94be-af18150776b5','local_default_user','ac7916b5-05da-4342-84f1-c165a05950c2','assistant','あなたの人生に、特に大きな影響を与えた人は誰ですか？その人との出会いや関わりが、今のあなたにどんな影響を残していると感じますか？','2026-05-29 03:27:04');
INSERT INTO raw_logs VALUES('393b8f33-f799-4472-a9f5-6d646a9ac2e4','local_default_user','b823c48e-00fa-49f8-9bbb-b97b41fb7051','assistant','あなたの人生に、特に大きな影響を与えた人は誰ですか？その人との出会いや関係が、今のあなたにどんな影響を残していると感じますか？','2026-05-29 03:27:04');
INSERT INTO raw_logs VALUES('b3296574-43e1-4328-9080-49a99eb27f28','local_default_user','c1dbab25-1156-4402-869c-62b44169c3d2','assistant','あなたの人生に、特に大きな影響を与えた人は誰ですか？その人がどんなふうにあなたに影響を与えたのか、少しお話ししてもらえますか？','2026-05-29 03:27:17');
INSERT INTO raw_logs VALUES('719ebafb-9c8a-4f16-9232-2fb781b7e67a','local_default_user','d309cd7f-2e07-4126-b826-b4df1c871bed','assistant','あなたの人生に、特に大きな影響を与えた人は誰ですか？その人との出会いや関係が、今のあなたにどんな影響を残していると感じますか？','2026-05-29 03:27:17');
INSERT INTO raw_logs VALUES('8251237d-2bbe-48e4-a2cb-35054d8b5027','local_default_user','9f4b83e1-5eba-4810-b2c1-971a51b3af15','assistant','あなたの人生に、特に大きな影響を与えた人は誰ですか？その人との出会いや関わりが、今のあなたにどんな影響を残していると感じますか？','2026-05-29 03:27:32');
INSERT INTO raw_logs VALUES('fc1229f3-53f2-417a-b4b7-c5b7b08dcf0b','local_default_user','8bb00172-f054-456c-8bed-8bc705585f5c','assistant','あなたの人生に、特に大きな影響を与えた人は誰ですか？その人との出会いや関係が、今のあなたにどんな影響を残していると感じますか？','2026-05-29 03:27:32');
INSERT INTO raw_logs VALUES('2b72fd91-114e-4336-b177-95e1cdb182ef','local_default_user','59f69e02-0343-4bd4-812a-a27a735986cd','assistant','あなたの人生に、特に大きな影響を与えた人は誰ですか？その人との出会いや関係が、今のあなたにどんな影響を残していると感じますか？','2026-05-29 03:27:43');
INSERT INTO raw_logs VALUES('b6242b2e-83c1-4c09-9aab-12cda02fed99','local_default_user','8c7af8e6-bba4-4eef-8246-1db1cb267a84','assistant','あなたの人生に、特に大きな影響を与えた人は誰ですか？その人との出会いや関わりが、今のあなたにどんな影響を残していると感じますか？','2026-05-29 03:27:43');
INSERT INTO raw_logs VALUES('bedaf55c-537c-47a9-89f3-723026a71dad','local_default_user','b9c99e18-8b9b-4695-b206-288f85e4747d','assistant','あなたの人生に、特に大きな影響を与えた人は誰ですか？その人がどんなふうにあなたに影響を与えたのか、少し教えてもらえますか？','2026-05-29 03:28:07');
INSERT INTO raw_logs VALUES('0dda5587-d893-476d-829b-49155ca99bb6','local_default_user','158fcfcf-97ae-4c07-91f0-e1b56d7ac279','assistant','あなたの人生に、特に大きな影響を与えた人は誰ですか？その人との出会いや関係が、今のあなたにどんな影響を残していると感じますか？','2026-05-29 03:28:07');
INSERT INTO raw_logs VALUES('9b98e3ad-abea-423e-bec9-a930567ab70b','local_default_user','74ac7ddc-2cbc-4028-b57b-0591d91be350','assistant','そうですね…「人生で一番影響を受けた人」って、誰だろう。あなたのこれまでの道のりを考えると、きっとたくさんの出会いがあったんだろうな。でも、あえて一人を挙げるとしたら、どんな人が浮かびますか？','2026-05-29 03:29:13');
INSERT INTO raw_logs VALUES('5c96f755-93eb-49aa-bc78-e622effd1ac4','local_default_user','1cd17042-4612-4450-8ea5-84c72c70c83d','assistant','そうですね…「人生で一番影響を受けた人」って、誰かを思い浮かべますか？ あなたのこれまでの歩みを考えると、ご自身の体の感覚や「軽やかに生きる」という価値観を大切にされてきたように感じます。もしかすると、特定の誰かというより、ご自身の内側の声や、ベトナム旅行や東南アジアへの移住といった経験そのものが、大きな影響を与えているのかもしれませんね。どうでしょう、何か浮かんできますか？','2026-05-29 03:29:13');
INSERT INTO raw_logs VALUES('a2888896-3fda-47c3-8c62-937e6da3c5f0','local_default_user','1cd17042-4612-4450-8ea5-84c72c70c83d','user','そうかもしれない、人よりも環境の影響のほうが大きい','2026-05-29 03:30:10');
INSERT INTO raw_logs VALUES('6b273575-2eec-4afc-8370-a2267f65bccd','local_default_user','1cd17042-4612-4450-8ea5-84c72c70c83d','assistant',unistr('ああ、なるほど。「人よりも環境の影響のほうが大きい」…その言葉、とても響きますね。あなたのこれまでの人生を見ていると、確かに環境を変えることで新しい自分に出会ってきたように感じます。\u000a\u000a浪人した時期、キヤノンを退職したとき、会社が終わったとき、そして東南アジアに拠点を移したとき。それぞれの環境の変化が、あなたに何かをもたらしたんですよね。\u000a\u000aその中でも特に、「環境の影響が大きい」と実感した出来事や場面って、何か具体的に思い出せますか？たとえば、どんな環境のどんな要素が、あなたの考え方や感じ方を変えたのでしょう。'),'2026-05-29 03:30:13');
INSERT INTO raw_logs VALUES('87f65db2-b498-4911-9027-d7005dcf2c84','local_default_user','1cd17042-4612-4450-8ea5-84c72c70c83d','user','最初に独立してから請負の仕事をしたことや、はじめて1人で海外にいったことかな','2026-05-29 03:30:41');
INSERT INTO raw_logs VALUES('b23e86d9-8de2-46f0-9cc5-15f2e05661c8','local_default_user','1cd17042-4612-4450-8ea5-84c72c70c83d','assistant',unistr('なるほど…「最初に独立してから請負の仕事をしたこと」と「はじめて1人で海外に行ったこと」。この2つが環境として大きな影響を与えたんですね。\u000a\u000aそれぞれ、どんなことが起きたんでしょう？まずは「最初に独立してから請負の仕事をしたこと」から聞かせてもらえますか？当時、どんな状況で、どんな仕事をされていたんでしょう？'),'2026-05-29 03:30:43');
INSERT INTO raw_logs VALUES('8f05a470-ae91-4887-b127-b754672cd242','local_default_user','1cd17042-4612-4450-8ea5-84c72c70c83d','user','自分のプロダクトが全く売れなくて、見かねた知り合いの社長が小さい開発の仕事をくれたとき','2026-05-29 03:31:09');
INSERT INTO raw_logs VALUES('666fc675-0beb-4a32-a54d-3c624d8e636f','local_default_user','1cd17042-4612-4450-8ea5-84c72c70c83d','assistant',unistr('ああ、なるほど…自分のプロダクトが全く売れなくて、見かねた知り合いの社長が小さな開発の仕事をくれた。そのときの状況、もう少し詳しく教えてもらえますか？\u000a\u000aその仕事を引き受けたとき、あなたはどんな気持ちでしたか？「ありがたい」という気持ちと同時に、何か複雑な思いもあったんじゃないかなと想像します。また、その経験が、今のあなたの「偽装請負ではない働き方を選びたい」という価値観にどうつながっていったんでしょう？'),'2026-05-29 03:31:11');
INSERT INTO raw_logs VALUES('18157ca5-7b50-4dea-952a-bcf832ac2587','local_default_user','1cd17042-4612-4450-8ea5-84c72c70c83d','user',unistr('おーありがたい！貢献したい！\u000a\u000aそれは結果でお金をもらうことかな（時間単価は関係無し、場所も関係無し、結果だけ'),'2026-05-29 03:31:50');
INSERT INTO raw_logs VALUES('b16c978e-702c-4ef3-9c7f-a08be56e0a25','local_default_user','1cd17042-4612-4450-8ea5-84c72c70c83d','assistant',unistr('「おーありがたい！貢献したい！」という感覚、すごくよくわかります。自分のプロダクトが売れなくて苦しいときに、誰かが手を差し伸べてくれて、しかも「結果でお金をもらう」という形だった。時間や場所に縛られず、結果だけが評価される。それはあなたにとって、とてもしっくりくる働き方だったんですね。\u000a\u000aそのときの具体的な仕事って、どんな内容だったんですか？そして、その「結果で報われる」という経験が、今のあなたの理想とする働き方にどうつながっているのか、もう少し聞かせてもらえますか？'),'2026-05-29 03:31:53');
INSERT INTO raw_logs VALUES('7f5ddf88-745b-4cb8-93c7-979af7ab64d4','local_default_user','1cd17042-4612-4450-8ea5-84c72c70c83d','user','シンプルなサンプルアプリを作ることで、それは自分の裁量でやり方をきめられること','2026-05-29 03:33:22');
INSERT INTO raw_logs VALUES('33f71961-5121-46ef-8b48-37806cb25ac0','local_default_user','1cd17042-4612-4450-8ea5-84c72c70c83d','assistant',unistr('シンプルなサンプルアプリを作る仕事で、自分の裁量でやり方を決められた…その感覚、とても大事ですよね。「時間や場所に縛られず、結果だけが評価される」という働き方の原体験として、あなたの中で鮮やかに残っているんだろうなと感じます。\u000a\u000aそのとき、あなたはどんなふうにそのアプリを作っていったんですか？たとえば、どんな技術を使うか、どんなスケジュールで進めるか、全部自分で決められたんでしょうか。そして、その自由さに対して、どんな気持ちを抱いていましたか？'),'2026-05-29 03:33:25');
INSERT INTO raw_logs VALUES('2f31b5b1-37ac-496d-b681-fed83ef28882','local_default_user','1cd17042-4612-4450-8ea5-84c72c70c83d','user','自由な反面、何から手を付けようか迷った','2026-05-29 03:34:33');
INSERT INTO raw_logs VALUES('ea52afd9-bbf1-4eb1-9d65-b58bb146f022','local_default_user','1cd17042-4612-4450-8ea5-84c72c70c83d','assistant',unistr('「自由な反面、何から手を付けようか迷った」…その感覚、すごくリアルですね。自由って、手放しで「いいもの」というより、両面がある。自分で決められる喜びと同時に、誰も道を示してくれない不安もあったんだなあと感じます。\u000a\u000aその迷いの中で、あなたはどうやって最初の一歩を踏み出したんでしょう？何か自分なりのルールや、決め方を工夫されたんですか？'),'2026-05-29 03:34:36');
INSERT INTO raw_logs VALUES('6f89fd51-034d-4536-b254-41c1cd416822','local_default_user','1cd17042-4612-4450-8ea5-84c72c70c83d','user','とりあえずやってみるかな','2026-05-29 03:34:56');
INSERT INTO raw_logs VALUES('23f13312-e90a-437a-b5de-19de2428f1ca','local_default_user','1cd17042-4612-4450-8ea5-84c72c70c83d','assistant',unistr('「とりあえずやってみる」…それ、あなたの一貫したスタンスですよね。体の感覚を大事にしながら、迷ってもまず動いてみる。その姿勢が、今のあなたを作ってきたんだなあと感じます。\u000a\u000aその「とりあえずやってみる」で動いた結果、そのサンプルアプリの仕事はどうなりましたか？うまくいったんでしょうか、それとも何か気づきがありましたか？'),'2026-05-29 03:34:58');
INSERT INTO raw_logs VALUES('0c8e40b3-7c5f-49b6-9e39-0d11ced0ef93','local_default_user','1cd17042-4612-4450-8ea5-84c72c70c83d','user',unistr('うん、顧客にちゃんと見せれて満足してくれたよ。\u000a先に作ってみて見せて修正した方がいいことを学んだ'),'2026-05-29 03:35:34');
INSERT INTO raw_logs VALUES('5e7c8568-5170-46d9-97ec-9c5526b4ee47','local_default_user','1cd17042-4612-4450-8ea5-84c72c70c83d','assistant',unistr('「先に作ってみて見せて、修正した方がいい」…それ、すごく大事な学びですね。頭で考えるよりも、まず形にして見せる。そのスタイルは、今のあなたの仕事の仕方にも生きているんじゃないでしょうか。\u000a\u000aさて、今日は3つの質問をさせていただいて、いろんなお話を聞かせてもらいました。最初の独立後に知り合いの社長からもらった小さな開発の仕事。それは「結果で評価される」「自分の裁量で決められる」「とりあえずやってみる」という、今のあなたの働き方の大切な原体験だったんですね。\u000a\u000a今日のお話を通して、何か新しい気づきや、心に残ったことはありましたか？'),'2026-05-29 03:35:37');
INSERT INTO raw_logs VALUES('73299d49-99dd-4ca2-94f8-2032e9c067bd','local_default_user','f4d92817-3389-44ca-b472-646bd4244079','assistant','学生時代に一番夢中になっていたことって、どんなことでしたか？その経験から何を学んだと感じていますか？','2026-05-29 03:41:23');
INSERT INTO raw_logs VALUES('e7984117-6cf9-42db-b6ad-b82ef1d4c9ae','local_default_user','b7bc04d4-dfbe-48e1-98b9-a3c779038ca3','assistant','学生時代に一番夢中になっていたことって、どんなことでしたか？','2026-05-29 03:41:23');
INSERT INTO raw_logs VALUES('a8887fcd-577d-4a7f-b639-6190147eccad','local_default_user','d3b3091c-34d8-45b2-94a8-95518ad29df9','assistant','学生時代に一番夢中になっていたことって、どんなことでしたか？','2026-05-29 04:24:06');
INSERT INTO raw_logs VALUES('b6cd8890-d256-4485-9b99-6f46c03192ae','local_default_user','9d9c1e9d-c86d-4879-abab-bda86e69ce87','assistant','学生時代に一番夢中になっていたことって、どんなことでしたか？その経験から何を学んだと感じていますか？','2026-05-29 04:24:06');
INSERT INTO raw_logs VALUES('398a2c36-5ba1-44b4-a1c6-8bd568d5e4df','local_default_user','464aff9b-56fc-408e-aef1-7d7846a06e32','assistant','学生時代に一番夢中になっていたことって、どんなことでしたか？','2026-05-29 04:24:12');
INSERT INTO raw_logs VALUES('be87dd6d-029a-4d54-b2da-e42174523e4e','local_default_user','621b500a-5275-4849-b5ee-1284cc454cf9','assistant','学生時代に一番夢中になっていたことって、どんなことでしたか？','2026-05-29 04:24:13');
INSERT INTO raw_logs VALUES('7aaf94e5-c98f-4f14-a0ac-7503a8d80e8c','local_default_user','2e9eb2cb-c6a6-49c6-838f-01313b87a429','assistant','学生時代に一番夢中になっていたことって、どんなことでしたか？','2026-05-29 04:24:24');
INSERT INTO raw_logs VALUES('5c9a5a5e-8901-441f-a29f-62fb8ad13734','local_default_user','5fc3079f-d2cb-43f3-b307-01858a7713c0','assistant','学生時代に一番夢中になっていたことって、どんなことでしたか？その経験から何を学んだと感じていますか？','2026-05-29 04:24:24');
INSERT INTO raw_logs VALUES('c5b42485-5583-494c-8e76-e93c5c78f8ea','local_default_user','6fcf8ed2-423e-4e8f-892f-8b1f5af71545','assistant','学生時代に一番夢中になっていたことって、どんなことでしたか？その経験から何を学んだと感じていますか？','2026-05-29 04:24:34');
INSERT INTO raw_logs VALUES('ef45c2ed-64c7-4230-96c7-429021def54d','local_default_user','597941e5-fbfc-4987-87f1-0a0268b3909b','assistant','学生時代に一番夢中になっていたことって、どんなことでしたか？','2026-05-29 04:24:35');
INSERT INTO raw_logs VALUES('ae529c87-1f76-4135-9a9e-f306df3cd7ef','local_default_user','a2a951a6-74b5-4d93-9db0-a8b54ed809a8','assistant','学生時代に一番夢中になっていたことって、どんなことでしたか？その経験から何を学んだと感じていますか？','2026-05-29 04:24:35');
INSERT INTO raw_logs VALUES('64ee50cc-a04b-4699-ab2b-accc6c2e269e','local_default_user','49cdafd3-f263-491c-ae33-0f24cd21ee85','assistant','学生時代に一番夢中になっていたことって、どんなことでしたか？その経験から何を学んだと感じていますか？','2026-05-29 04:24:35');
INSERT INTO raw_logs VALUES('01df59f2-ea89-452f-a2c2-2f5a6f23d521','local_default_user','19562eb1-e19b-4f18-9d62-c5e6202aa353','assistant','学生時代に一番夢中になっていたことって、どんなことでしたか？その経験から何を学んだと感じていますか？','2026-05-29 04:24:35');
INSERT INTO raw_logs VALUES('20012ef1-f47c-4a2e-b2cb-ebeaeab412ab','local_default_user','3ff216c8-ce27-4e87-9b8c-1e0416b19da5','assistant','学生時代に一番夢中になっていたことって、どんなことでしたか？その経験から何を学んだと感じていますか？','2026-05-29 04:24:35');
INSERT INTO raw_logs VALUES('8006c37b-1019-4b72-83db-b18fb47a5ac8','local_default_user','b99f9c74-9883-434a-a8b9-1300b814e3f3','assistant','学生時代に一番夢中になっていたことって、どんなことでしたか？','2026-05-29 04:24:36');
INSERT INTO raw_logs VALUES('af086c24-5dae-451e-bb33-d70ac53f05b2','local_default_user','d3427d9d-9e2c-4798-a0ad-000395db8ef6','assistant','学生時代に一番夢中になっていたことって、どんなことでしたか？その経験から何を学んだと感じていますか？','2026-05-29 04:24:36');
INSERT INTO raw_logs VALUES('13b43b4a-b574-4b99-ad05-10af9c68ab1b','local_default_user','19d3c0f8-6041-4e14-aee1-9fdb250153a2','assistant','学生時代に一番夢中になっていたことって、どんなことでしたか？','2026-05-29 04:26:20');
INSERT INTO raw_logs VALUES('5081bcd8-9641-4c25-87e2-f8cccdb95bae','local_default_user','e9cd4a5b-f0c0-4d20-9e97-b2b6374c1278','assistant','学生時代に一番夢中になっていたことって、どんなことでしたか？','2026-05-29 04:26:20');
INSERT INTO raw_logs VALUES('cea878fc-ec7c-4acc-8629-094d7b713e2a','local_default_user','22f3980b-db80-4baf-b2ea-b9a4741e6cf8','assistant','学生時代に一番夢中になっていたことって、どんなことでしたか？','2026-05-29 04:38:32');
INSERT INTO raw_logs VALUES('8a1f5bf4-c397-4ea2-b5a6-e0d3aba6af66','local_default_user','82a30e93-91df-4ea4-b634-cbd975fae1f2','assistant','学生時代に一番夢中になっていたことって、どんなことでしたか？','2026-05-29 04:38:32');
INSERT INTO raw_logs VALUES('0d709de7-0014-40c4-bb42-20fc9186d121','local_default_user','2f8a75d0-ecf7-49bf-b1f1-4c7f140e5794','assistant','学生時代に一番夢中になっていたことって、どんなことでしたか？','2026-05-29 04:38:41');
INSERT INTO raw_logs VALUES('50356d59-1f50-488f-bc12-7ca1b31b99e9','local_default_user','e60ba64a-ab58-4f76-8115-5ecb3d024f84','assistant','学生時代に一番夢中になっていたことって、どんなことでしたか？','2026-05-29 04:38:42');
INSERT INTO raw_logs VALUES('776983e2-dd41-4735-a065-677902415656','local_default_user','d2f420bc-a203-4a82-bf02-e9750c4077b7','assistant','学生時代に一番夢中になっていたことって、どんなことでしたか？','2026-05-29 04:39:10');
INSERT INTO raw_logs VALUES('dc2be38c-79b3-4553-a355-ca7804e99751','local_default_user','74c0d8a5-5411-4d64-b6a8-ddd703310e46','assistant','学生時代に一番夢中になっていたことって、どんなことでしたか？','2026-05-29 04:39:11');
INSERT INTO raw_logs VALUES('57593558-c95c-4670-a5ae-f8e92b51d4ef','local_default_user','a1d1f1e3-7522-4e60-9122-a344db06f8fa','assistant','学生時代に一番夢中になっていたことって、どんなことでしたか？','2026-05-29 04:39:58');
INSERT INTO raw_logs VALUES('e2f36939-b32f-44f6-bf09-104091e1accb','local_default_user','3cfa8f0f-4740-44ff-baf1-d603b4ac166a','assistant','学生時代に一番夢中になっていたことって、どんなことでしたか？','2026-05-29 04:39:58');
INSERT INTO raw_logs VALUES('6a38ba23-0469-4ba5-b060-63dbe2e5799a','local_default_user','58567f25-8a38-49b1-a217-b297f7be85d0','assistant','学生時代に一番夢中になっていたことって、どんなことでしたか？','2026-05-29 04:39:58');
INSERT INTO raw_logs VALUES('eed91332-999f-4f8c-a48e-6eba3fbbc935','local_default_user','6d2f9350-3c85-4ea6-a6b0-89d8aadc9a8c','assistant','学生時代に一番夢中になっていたことって、どんなことでしたか？','2026-05-29 04:39:58');
INSERT INTO raw_logs VALUES('8f1a4662-101c-4ad3-b494-469ec5adac0e','local_default_user','e196a24e-cfac-49bd-ac54-f510058a3420','assistant','最初の仕事について、もう少し詳しく教えていただけますか？どんなところが印象に残っていますか？','2026-05-29 04:40:09');
INSERT INTO raw_logs VALUES('c0de8f74-2108-46c1-b560-bf247a9979c9','local_default_user','85baf505-9d92-4252-bfad-fd40d87989bc','assistant','最初の仕事、どんな感じだったんですか？そのときのことを少し教えてもらえますか？','2026-05-29 04:40:52');
INSERT INTO raw_logs VALUES('c641982c-87a3-4cdb-8a7f-bc6d007f8eec','local_default_user','1978d611-5db0-4593-a0d5-658d523bcb4a','assistant','最初の仕事について、もう少し詳しく教えていただけますか？どんなところが印象に残っていますか？','2026-05-29 04:40:52');
INSERT INTO raw_logs VALUES('94d52947-ccf2-4e02-9e62-37ad127fd407','local_default_user','0fa032ec-4557-4e95-a4d3-31f81af29119','assistant','最初の仕事、どんな感じだったんですか？そのときのことを少し教えてもらえますか？','2026-05-29 04:42:45');
INSERT INTO raw_logs VALUES('ce86a782-2216-48b7-a3b3-e348721c8e5c','local_default_user','2a5d9877-abb0-49be-8b87-367fc1a7b45d','assistant','最初の仕事について、もう少し詳しく教えていただけますか？どんなところが印象に残っていますか？','2026-05-29 04:42:45');
INSERT INTO raw_logs VALUES('08fcc10e-4134-40e2-ac2a-6e9915b306ac','local_default_user','76c3010d-bf31-4a09-b6a7-53b1cce18af2','assistant','最初の仕事、どんな感じだったんですか？そのときのことを少し教えてもらえますか？','2026-05-29 04:43:01');
INSERT INTO raw_logs VALUES('2a852c40-63fb-45a7-9aa7-7268acd6adba','local_default_user','3ec4978a-d375-4f17-b149-382630dabdcb','assistant','最初の仕事、どんな感じだったんですか？そのときのことを少し教えてもらえますか？','2026-05-29 04:43:01');
INSERT INTO raw_logs VALUES('11ed13c5-2b6a-48b1-bdeb-e70261670bf6','local_default_user','71ee69eb-932f-42d8-8b8e-5e22345b7b91','assistant','最初の仕事、どんな感じだったんですか？そのときのことを少し教えてもらえますか？','2026-05-29 05:00:34');
INSERT INTO raw_logs VALUES('5f94592a-a67c-47fc-8adc-64b476129f91','local_default_user','5c2e82f1-36ad-433f-8a23-ffd596bf354d','assistant','最初の仕事について、もう少し詳しく教えていただけますか？どんな風にその仕事に出会って、どんな気持ちで取り組んだのか、よかったら聞かせてください。','2026-05-29 05:00:34');
INSERT INTO raw_logs VALUES('2fe08dd7-f578-4171-9d67-b60902b3feb8','local_default_user','5c2e82f1-36ad-433f-8a23-ffd596bf354d','user','てst','2026-05-29 05:00:38');
INSERT INTO raw_logs VALUES('7e5fc39d-766d-4758-a88a-308ba4bb5860','local_default_user','5c2e82f1-36ad-433f-8a23-ffd596bf354d','assistant',unistr('あ、すみません、「てst」と入力されたので、もしかしたらテストや確認の意味だったのかな？と思いました。\u000a\u000aもし何か質問があれば、遠慮なく教えてくださいね。お話しできるのを楽しみにしています😊'),'2026-05-29 05:00:40');
INSERT INTO raw_logs VALUES('90346a4d-c4af-418d-9af8-ff1ae6bf0e20','local_default_user','e11923fe-d504-4e17-ad57-97755869b629','assistant','あなたのキャリアの中で、これは本当に自分らしいなって思える瞬間ってどんな時ですか？','2026-05-29 05:03:29');
INSERT INTO raw_logs VALUES('8e7e9c7c-ef2e-4f2b-8323-3e7c51449e80','local_default_user','4f59a019-93dc-4423-8d96-9bb9e00cb94f','assistant','あなたのキャリアの中で、心から「これだ！」と思えるような、誇りに思う瞬間ってどんな時ですか？','2026-05-29 05:03:29');
INSERT INTO raw_logs VALUES('7e6fa375-c1a5-45bf-b995-fa7d6df15b22','local_default_user','09170fd1-7812-4046-894c-28488e6a286e','assistant','あなたがこれまでのキャリアの中で、特に「これだ！」と胸を張って言える瞬間って、どんな時ですか？','2026-05-29 05:06:16');
INSERT INTO raw_logs VALUES('10dc57fa-0eca-45c5-be18-381467c6bef7','local_default_user','1668b944-7a09-42b5-9b3c-e5cf3ec4a4a5','assistant','あなたがこれまでのキャリアの中で、特に「これぞ！」と胸を張って言える瞬間って、どんな時ですか？','2026-05-29 05:06:16');
INSERT INTO raw_logs VALUES('19b364ca-4554-49e3-a73d-e3edceffcd60','local_default_user','798de9a5-5432-4ec0-9bc8-54b631d0eb25','assistant','あなたがこれまでのキャリアの中で、特に「これぞ！」と胸を張って言える瞬間って、どんな時ですか？','2026-05-29 05:06:52');
INSERT INTO raw_logs VALUES('c51b5af5-9224-4fef-90c4-4b448b844c33','local_default_user','148d4244-52f1-4583-a949-36ef1de23d7d','assistant','あなたがこれまでのキャリアの中で、特に「これぞ！」と胸を張って言える瞬間って、どんな時ですか？','2026-05-29 05:06:52');
INSERT INTO raw_logs VALUES('889dccc4-7aaf-4b20-b303-43d762c65874','local_default_user','2c58a406-a9a6-46bb-b441-5880cf537326','assistant','あなたがこれまでのキャリアの中で、特に「これぞ！」と胸を張って言える瞬間って、どんな時ですか？','2026-05-29 05:06:53');
INSERT INTO raw_logs VALUES('936e6ade-2478-4207-a454-f7936da383e1','local_default_user','7a489121-b517-451d-bc87-5282edb99712','assistant','あなたがこれまでのキャリアの中で、特に「これぞ！」と胸を張って言える瞬間って、どんな時ですか？','2026-05-29 05:06:53');
INSERT INTO raw_logs VALUES('acbb107f-0a1e-4559-8015-dc9ce697b938','local_default_user','83631d4e-76d2-40d2-a2e4-65bd589a7ecd','assistant','あなたがこれまでのキャリアの中で、特に「これぞ！」と胸を張って言える瞬間って、どんな時ですか？','2026-05-29 05:06:53');
INSERT INTO raw_logs VALUES('ae40a1be-d79b-4deb-adff-a92372d98da5','local_default_user','bb4ca03f-180e-4d0a-a7e9-e675c5a78a8c','assistant','あなたのキャリアの中で、特に「これぞ！」と胸を張れる瞬間って、どんな時でしたか？','2026-05-29 05:06:53');
INSERT INTO raw_logs VALUES('b157f142-1464-4146-9b79-e02b9dc580a7','local_default_user','1ab4bf4c-4a7f-46ba-a9d2-bdb75cdf49aa','assistant','あなたのキャリアの中で、特に「これぞ！」と胸を張れる瞬間って、どんな時でしたか？','2026-05-29 05:07:44');
INSERT INTO raw_logs VALUES('178c262a-8567-4618-a101-b7809e4ac732','local_default_user','9518ecd3-c79e-4caa-abaa-b19df3dc52cc','assistant','あなたのキャリアの中で、これは本当に自分らしいなって思える瞬間って、どんな時ですか？','2026-05-29 05:07:44');
INSERT INTO raw_logs VALUES('3ae4cec8-5b36-4072-94e6-f66eecefbf6e','local_default_user','87ada31b-994e-49dc-bb04-489803ae3e3e','assistant','あなたのキャリアの中で、これは本当に自分らしいなって思える瞬間って、どんな時ですか？','2026-05-29 05:08:10');
INSERT INTO raw_logs VALUES('79872b79-df7e-478c-9612-e2a2ba016279','local_default_user','c4cc1c9f-d7fb-49a2-8cbd-1e38a0c624a8','assistant','あなたのキャリアの中で、特に「これぞ！」と胸を張れる瞬間って、どんな時でしたか？','2026-05-29 05:08:10');
INSERT INTO raw_logs VALUES('0bc71d05-1b84-4d7e-a923-350fbd71ee48','local_default_user','2af80374-47b9-4d98-b5c2-1b243499ab1a','assistant','あなたのキャリアの中で、これは本当に自分らしいなって思える瞬間って、どんな時ですか？','2026-05-29 05:09:24');
INSERT INTO raw_logs VALUES('de62aacf-4ab3-42e1-ada2-47d63fbec4f8','local_default_user','667f67a9-3ce9-4394-a7fc-4d883d95c5bf','assistant','あなたのキャリアの中で、これは本当に自分らしいなって思える瞬間や、心から誇りに思える成果ってどんなことですか？','2026-05-29 05:09:25');
INSERT INTO raw_logs VALUES('c16074d6-49e2-4010-a3c1-4ac85cf0bdf9','local_default_user','62af69d1-30d9-4261-8cd9-6674ab3f15a6','assistant','あなたのキャリアの中で、これは本当に自分らしいなって思える瞬間って、どんな時ですか？','2026-05-29 05:11:05');
INSERT INTO raw_logs VALUES('325dd494-f51f-46d1-b8b0-04d6c574e2cb','local_default_user','72806403-d838-4e19-8bd9-162830fb018c','assistant','あなたのキャリアの中で、これは本当に自分らしいなって思える瞬間や、心から誇りに思える成果ってどんなことですか？','2026-05-29 05:11:05');
INSERT INTO raw_logs VALUES('c97b1e51-1d54-4f30-9355-e344d13b07ea','local_default_user','1b25f951-cc53-45c6-a4d6-4a64ccd71b82','assistant','That''s a great question to reflect on. Thinking back over your career journey—from your time at Canon, to starting your own business, to taking on that first small project from a friend''s boss after your own product didn''t sell—what achievement stands out to you as something you''re truly proud of?','2026-05-29 05:16:53');
INSERT INTO raw_logs VALUES('4c24d6c4-edd1-48e4-afd6-67b4106d875c','local_default_user','a381f02d-8365-431e-a445-dd95bbeb9133','assistant','That''s a great question to reflect on. Thinking back over your career journey—from your time at Canon, to starting your own business, to taking on that first small project from a friend''s boss after your own product didn''t sell, and then building from there—what stands out to you as an achievement that you''re truly proud of? It could be a moment, a project, or even a way of working that felt really meaningful.','2026-05-29 05:16:53');
INSERT INTO raw_logs VALUES('5d2a52f7-cba0-4104-ad7e-c62b6c3f6aed','local_default_user','20c9726e-9adc-4fae-ab57-ea6f0f186276','assistant','That''s a great question to reflect on. Thinking back over your career journey—from your time at Canon, to starting your own business, to taking on that first small project from a friend''s boss after your own product didn''t sell, and then building from there—what accomplishment really stands out to you as something you''re most proud of?','2026-05-29 05:17:26');
INSERT INTO raw_logs VALUES('a81520db-d3c5-4533-abd3-f2e2221f9435','local_default_user','afb290c2-9194-4246-a3dc-4421822d656a','assistant','That''s a great question to reflect on. Thinking back over your career journey—from your time at Canon, to starting your own business, to taking on that first small project from a friend''s boss after your own product didn''t sell, and then building from there—what accomplishment really stands out to you as something you''re most proud of?','2026-05-29 05:17:26');
INSERT INTO raw_logs VALUES('29d7583a-cb62-430c-95f6-58db181ae829','local_default_user','e82be812-980b-4eee-9809-7b29d5722824','assistant','That''s a great question to reflect on. Thinking back over your career journey—from your time at Canon, to starting your own business, to taking on that first small project from a friend''s boss after your own product didn''t sell, and then building from there—what accomplishment really stands out to you as something you''re most proud of?','2026-05-29 05:17:30');
INSERT INTO raw_logs VALUES('28a9a5f8-879c-4d32-bfe8-59d7434da856','local_default_user','5e3e453c-fcbe-4f4c-908f-4e3f96dbe0ce','assistant','That''s a great question to reflect on. Given your journey—from your first solo trip abroad that shaped your perspective, to building your own products, taking on result-based work that gave you freedom, and now creating courses and freelancing—what career achievement feels most meaningful to you? What moment or project makes you think, "I''m really proud of that"?','2026-05-29 05:17:30');
INSERT INTO raw_logs VALUES('caa2017e-fd86-44fe-a84f-bf4209cb2d45','local_default_user','f2e4e512-7910-44ed-ba2a-877ca7d5b43d','assistant','That''s a great question to reflect on. Given your journey—from your first solo trip abroad that shaped your perspective, to building your own products, taking on result-based work that gave you freedom, and now creating courses and freelancing—what career achievement feels most meaningful to you? What accomplishment, big or small, makes you think, "I''m proud of that"?','2026-05-29 05:45:24');
INSERT INTO raw_logs VALUES('0d03246f-1476-4858-81dc-1e342cccb1b2','local_default_user','b112bb02-eb88-4ecf-a32a-97c250a0a8af','assistant','That''s a great question to reflect on. Thinking back over your career journey—from your time at Canon, to starting your own business, to the pivot into freelance work and creating courses on Udemy—what accomplishment stands out to you as the one you''re most proud of? It could be a moment where you felt truly aligned with your values, like that first project where you were paid for results rather than time, or something else entirely. What comes to mind?','2026-05-29 05:45:24');
INSERT INTO raw_logs VALUES('d0a01077-375e-41e7-a534-4669726177d5','local_default_user','482eb781-2ef2-4c4e-8ea2-ccaeda020d18','assistant','That''s a great question to reflect on. Let me ask it in a way that feels more natural for you: "Looking back on your career journey—from your time at Canon, to starting your own business, to the freelance work you''re doing now—what accomplishment stands out to you as something you''re truly proud of?"','2026-05-29 05:45:30');
INSERT INTO raw_logs VALUES('efc29c93-8093-4381-94a0-22fa66e6ac10','local_default_user','22dee53f-5175-4ddb-b040-312311935ebb','assistant','That''s a great question to reflect on. Thinking back over your career journey—from your time at Canon, to starting your own business, to taking on that first small project from a friend''s boss after your own product didn''t sell, and then building from there—what accomplishment really stands out to you as something you''re most proud of?','2026-05-29 05:45:30');
INSERT INTO raw_logs VALUES('58e31ac6-a380-41e1-8e0c-eb9a246667bf','local_default_user','dc77002d-60bd-4d21-a01c-f1c58269ef93','assistant','That''s a really thoughtful question. Let me ask it in a way that feels more natural for you: "Looking back on your career journey—from your time at Canon, to starting your own business, to the freelance work you''re doing now—what accomplishment stands out as something you''re truly proud of?"','2026-05-29 06:16:40');
INSERT INTO raw_logs VALUES('60bf04d9-0c30-49e6-a690-b507808a2cb9','local_default_user','f6ea8cb6-fd96-4504-8efa-e60f8c1323dd','assistant','That''s a really thoughtful question. Let me ask it in a way that feels more natural for you: "Looking back on your career journey—from your time at Canon, to starting your own business, to the work you''ve done since—what accomplishment stands out to you as something you''re truly proud of?"','2026-05-29 06:16:40');
INSERT INTO raw_logs VALUES('9439c6b7-59c7-4261-b414-d60a842e83da','local_default_user','bd1e87f8-fc0a-4e2f-ba40-98b33d0ca03b','assistant','あなたがこれまでのキャリアの中で、特に「これぞ！」と胸を張って言える瞬間って、どんな時ですか？','2026-05-29 06:29:14');
INSERT INTO raw_logs VALUES('33362985-4be8-4e94-826d-78cf899d895d','local_default_user','5ba9f9bf-4fbb-4a2f-a173-4abd09ea1788','assistant','あなたのキャリアの中で、これは本当に自分らしいなって思える瞬間や、心から誇りに思える成果ってどんなことですか？','2026-05-29 06:29:14');
INSERT INTO raw_logs VALUES('4c046449-67c8-4b51-b4aa-8b9d584f9796','local_default_user','9445aad2-4ba3-4409-8e41-b997a6c088ed','assistant','あなたがこれまでのキャリアの中で、特に「これぞ！」と胸を張って言える瞬間って、どんな時ですか？','2026-05-29 06:29:17');
INSERT INTO raw_logs VALUES('f1f3875d-d1e4-4fb1-87cd-13d5711ead7e','local_default_user','f415cce7-1958-4f09-9289-13f126532a1d','assistant','あなたがこれまでのキャリアの中で、特に「これぞ！」と胸を張って言える瞬間って、どんな時ですか？','2026-05-29 06:29:17');
INSERT INTO raw_logs VALUES('e366d262-fe85-4f46-b5dd-8f2002e2229c','local_default_user','b423b2ed-1c23-4611-a663-03dd0bb7b5ff','assistant','あなたがこれまでのキャリアの中で、特に「これぞ！」と胸を張って言える瞬間って、どんな時ですか？','2026-05-29 06:32:30');
INSERT INTO raw_logs VALUES('0b9718cd-dbf2-4973-bc5a-77b5c7c83b1c','local_default_user','22784cea-736c-419a-80d9-163fa8eb04fb','assistant','あなたがこれまでのキャリアの中で、特に「これぞ！」と胸を張って言える瞬間って、どんな時ですか？','2026-05-29 06:32:30');
INSERT INTO raw_logs VALUES('0fda83cf-1570-441b-b472-f0bb3203ddd6','local_default_user','4c525819-58fb-4219-a8cf-0dcc3f84ebbc','assistant','あなたのキャリアの中で、これは本当に自分らしいなって思える瞬間って、どんな時ですか？','2026-05-29 06:42:25');
INSERT INTO raw_logs VALUES('d6fab866-f1d9-4348-a60b-67f04632d055','local_default_user','d9556d49-6b24-4e82-b041-9e211fb51ba9','assistant','あなたのキャリアの中で、これは本当に自分らしいなって思える瞬間って、どんな時ですか？','2026-05-29 06:42:25');
INSERT INTO raw_logs VALUES('004813a2-bfcc-4a8e-b1d3-0f566d6ccc8d','local_default_user','00025d4a-795d-4741-aec8-91f0cca11fc0','assistant','あなたがこれまでのキャリアの中で、特に「これぞ！」と胸を張って言える瞬間って、どんな時ですか？','2026-05-29 06:43:01');
INSERT INTO raw_logs VALUES('a783e8ca-c7fe-4349-bc2e-2fe8c16048a4','local_default_user','93ecdc99-7eec-4bce-958f-2c874f290180','assistant','あなたがこれまでのキャリアの中で、特に「これぞ！」と胸を張って言える瞬間って、どんな時ですか？','2026-05-29 06:43:01');
INSERT INTO raw_logs VALUES('368c20b8-08f6-4aa5-816a-a32c14413047','local_default_user','ff2b9d8d-53d9-497f-9f3a-089cc18845ea','assistant','あなたがこれまでのキャリアの中で、特に「これぞ！」と胸を張って言える瞬間って、どんな時ですか？','2026-05-29 06:50:18');
INSERT INTO raw_logs VALUES('86a214ea-e8b1-402f-8865-07c0c7cdd4be','local_default_user','74b2bb95-3995-42b8-a5fe-483b5b794f09','assistant','あなたがこれまでのキャリアの中で、特に「これぞ！」と胸を張って言える瞬間って、どんな時ですか？','2026-05-29 06:50:18');
INSERT INTO raw_logs VALUES('8451d859-3e09-4ce1-b93a-b681a5b9eb62','local_default_user','6b67e6c9-db44-442d-bdf0-387d12ea60c1','assistant','あなたがこれまでのキャリアの中で、特に「これぞ！」と胸を張って言える瞬間って、どんな時ですか？','2026-05-29 06:51:18');
INSERT INTO raw_logs VALUES('d3c6ea1e-02ed-47d1-a86f-23f8dccd691b','local_default_user','5af78cde-91e7-4b93-8cf9-cc8541100596','assistant','あなたがこれまでのキャリアの中で、特に「これぞ！」と胸を張って言える瞬間って、どんな時ですか？','2026-05-29 06:51:18');
INSERT INTO raw_logs VALUES('59084dca-3f35-4aba-8551-86e842c1b4ef','local_default_user','bd7450fb-8c6d-4f1a-b2ec-8ab7c7e08eb3','assistant','あなたがこれまでのキャリアの中で、特に「これぞ！」と胸を張って言える瞬間って、どんな時ですか？','2026-05-29 06:55:31');
INSERT INTO raw_logs VALUES('df3d4689-5d9a-4e24-a30d-dfb1d031180f','local_default_user','a40ebc6e-f2e0-4825-aa96-e07e471a43ab','assistant','あなたがこれまでのキャリアの中で、特に「これぞ！」と胸を張って言える瞬間って、どんな時ですか？','2026-05-29 06:55:31');
INSERT INTO raw_logs VALUES('65bcc2df-1504-4de2-81cf-7236a130cdab','local_default_user','48ca2f2a-f036-4a9b-8368-26d3add776e3','assistant','あなたのキャリアの中で、これは本当に自分らしいなって思える瞬間って、どんな時ですか？','2026-05-29 13:27:51');
INSERT INTO raw_logs VALUES('fee7f0c4-8cca-436b-9074-965ea81e409a','local_default_user','b3efc20a-67d1-4edc-afae-8b9d39074ede','assistant','あなたのキャリアの中で、これは本当に自分らしいなって思える瞬間ってどんな時ですか？','2026-05-29 13:27:52');
INSERT INTO raw_logs VALUES('c9708c57-7fbd-4556-91a9-f75b1640094a','local_default_user','3d41b906-310a-4841-93e6-fc99288562fd','assistant','あなたのキャリアの中で、これは本当に自分らしいなって思える瞬間や、心から誇りに思える出来事ってどんなことですか？','2026-05-29 13:28:14');
INSERT INTO raw_logs VALUES('59ae905c-fa48-4ec9-8364-bc098160cb45','local_default_user','8a2cb6ce-f252-4560-9c06-d9e9b53abddb','assistant','あなたのキャリアの中で、これは本当に自分らしいなって思える瞬間って、どんな時ですか？','2026-05-29 13:28:14');
INSERT INTO raw_logs VALUES('8bba8889-7a3d-4040-8e70-916c8170a95c','local_default_user','2c945058-75d0-467e-b719-bce6f37adbcd','assistant','あなたのキャリアの中で、これは本当に自分らしいなって思える瞬間って、どんな時でしたか？','2026-05-30 00:10:14');
INSERT INTO raw_logs VALUES('fd8c3fc1-7db1-4678-a1ea-68cc54fcec25','local_default_user','cf83c04d-8edc-4576-ada5-f433b923b397','assistant','あなたのキャリアの中で、これは本当に自分らしいなって思える瞬間って、どんな時ですか？','2026-05-30 00:10:14');
INSERT INTO raw_logs VALUES('652a17a5-1b56-4bd7-a747-25d85d09f968','local_default_user','7d6c8cf1-9376-466b-bd2a-ca1fa51984a8','assistant','あなたがこれまでのキャリアの中で、特に「これだ！」と胸を張って言える瞬間って、どんな時ですか？','2026-05-30 13:31:13');
INSERT INTO raw_logs VALUES('9dd68298-8d94-4024-8f95-5fd42662a46c','local_default_user','4782e60b-76ad-4cd0-82ca-5f06b9cb6050','assistant','あなたがこれまでのキャリアの中で、特に「これぞ！」と胸を張って言える瞬間って、どんな時ですか？','2026-05-30 13:31:13');
INSERT INTO raw_logs VALUES('80721daa-dccc-4999-997e-fc37ced23ca6','local_default_user','a59e952f-2499-41b8-9b99-cb043b738bdc','assistant','あなたのキャリアの中で、特に「これぞ！」と胸を張れる瞬間って、どんな時でしたか？','2026-05-30 13:31:24');
INSERT INTO raw_logs VALUES('909fe372-0ecc-465c-b60b-c26389f0bd16','local_default_user','cc4a6681-4dd4-481f-8345-d1773f4e480d','assistant','あなたがこれまで歩んできたキャリアの中で、特に「これぞ！」と胸を張って言える瞬間ってどんな時ですか？例えば、独立後に請け負ったサンプルアプリの仕事で顧客に喜んでもらえた経験や、自分の裁量で自由に進められたあの働き方など、何か心に残っているエピソードがあれば教えてください。','2026-05-30 13:31:25');
INSERT INTO raw_logs VALUES('707f725b-bff1-4a88-b13b-0abbf458ede3','local_default_user','8febf2df-1103-429d-9afe-e1ff62cfe3e6','assistant','あなたのキャリアの中で、これは本当に自分らしいなって思える瞬間や、心から誇りに思える成果ってどんなことですか？','2026-05-30 15:39:52');
INSERT INTO raw_logs VALUES('3eeac13c-c7e4-4d81-a5b8-ccacd15e0cdd','local_default_user','ad692a7a-5969-4b1d-8fd8-3438d3ee36c5','assistant','あなたがこれまで歩んできたキャリアの中で、これは本当に自分らしいなと感じる瞬間や、心から誇りに思える成果ってどんなことですか？','2026-05-30 15:39:53');
INSERT INTO raw_logs VALUES('06407240-e8ed-42a5-9022-0b5dbe73c888','local_default_user','811c7428-c2f4-4a05-8b99-5d79d7f96d9a','assistant','あなたのキャリアの中で、これは本当に自分らしいなって思える瞬間って、どんな時ですか？','2026-05-30 15:40:04');
INSERT INTO raw_logs VALUES('39c251fd-588f-4f8d-b038-b469a8b6a0e5','local_default_user','687d0718-6917-4618-b468-8cbb57ebdabe','assistant','あなたのキャリアの中で、これは本当に自分らしいなって思える瞬間って、どんな時ですか？','2026-05-30 15:40:04');
INSERT INTO raw_logs VALUES('8593122b-f0f9-4375-bdf2-3ee8d02ba733','local_default_user','a3d91627-4f42-4839-b2f2-ba1782a1c4c7','assistant','あなたのキャリアの中で、これは本当に自分らしいなって思える瞬間って、どんな時ですか？','2026-05-31 05:37:50');
INSERT INTO raw_logs VALUES('7a385262-a9c7-4235-89e5-0f7e54a59157','local_default_user','d078959e-8e14-4036-999f-437f686bb9bb','assistant','あなたのキャリアの中で、心から「これだ！」と思えるような、誇りに感じる瞬間ってどんな時ですか？','2026-05-31 05:37:50');
INSERT INTO raw_logs VALUES('5824174e-714e-42eb-9e6b-ff915584d6cb','local_default_user','2e5c1619-d38b-4d8b-90b8-1e37f4eed6eb','assistant','あなたがこれまでのキャリアの中で、特に「これぞ！」と胸を張って言える瞬間って、どんな時ですか？','2026-05-31 05:59:24');
INSERT INTO raw_logs VALUES('feb69ce6-f6a9-47e8-9eb2-22206d29b33d','local_default_user','faef8a28-eb25-401a-846a-b8f53bc28783','assistant','あなたがこれまでのキャリアの中で、特に「これぞ！」と胸を張って言える瞬間って、どんな時ですか？','2026-05-31 05:59:24');
INSERT INTO raw_logs VALUES('4b080290-9675-4541-ad7c-83715d31b0b4','local_default_user','5ecb9973-f4f3-4444-bb39-e75a4fed6023','assistant','あなたのキャリアの中で、これは本当に自分らしいなって思える瞬間ってどんな時ですか？','2026-06-01 01:59:19');
INSERT INTO raw_logs VALUES('0cdb41a0-0120-427d-94c7-ca4c8c00cc56','local_default_user','d0892507-374f-4de4-8c4c-81f4f58ed3f5','assistant','あなたのキャリアの中で、これは本当に自分らしいなって思える瞬間って、どんな時ですか？','2026-06-01 01:59:19');
INSERT INTO raw_logs VALUES('0c32d424-4909-4bee-b9fc-74f177975016','local_default_user','d0892507-374f-4de4-8c4c-81f4f58ed3f5','user','それはPMとしてメンバーを引っ張ってチームとして結果を出した時','2026-06-01 01:59:38');
INSERT INTO raw_logs VALUES('bc084e11-878c-425a-9b33-8ed49394f623','local_default_user','d0892507-374f-4de4-8c4c-81f4f58ed3f5','assistant','いいですね、PMとしてチームを引っ張って結果を出した瞬間…それはきっと、あなたのリーダーシップが光った場面なんですね。もう少し詳しく教えてもらえますか？','2026-06-01 01:59:40');
INSERT INTO raw_logs VALUES('2b67c4aa-b0bf-4981-a8f3-345d59b62e34','local_default_user','7da1bb9a-4df1-45d0-8419-eed79cfbae41','assistant','あなたのキャリアの中で、心から「これだ！」と思えるような、誇りに感じる瞬間ってどんな時でしたか？','2026-06-01 01:59:57');
INSERT INTO raw_logs VALUES('60790d8c-8fb9-4674-891c-1952b33626cb','local_default_user','fc3fa0b1-d9bd-47d9-a752-1f0119460e3a','assistant','あなたのキャリアの中で、これは本当に自分らしいなって思える瞬間って、どんな時ですか？','2026-06-01 01:59:57');
INSERT INTO raw_logs VALUES('b7441055-521b-49e4-ac72-7412f3237b42','local_default_user','fc3fa0b1-d9bd-47d9-a752-1f0119460e3a','user','それはPMとしてチームメンバーを引っ張り、チームとしての結果を出したときだよ','2026-06-01 02:01:59');
INSERT INTO raw_logs VALUES('f732ad0d-b984-4709-a51d-8dd3e9c1a659','local_default_user','fc3fa0b1-d9bd-47d9-a752-1f0119460e3a','assistant','「チームとしての結果を出したとき」という言葉に、リーダーとしての誇りと責任感が感じられますね。その中でも特に印象に残っているプロジェクトや場面はありますか？どんなチームで、どんな目標に向かって、どんな結果を出したのか、よかったら教えてください。','2026-06-01 02:02:01');
INSERT INTO raw_logs VALUES('6845c43c-1cf7-4138-b132-2e6af7165117','local_default_user','fc3fa0b1-d9bd-47d9-a752-1f0119460e3a','user',unistr('それは若手の多いチームで自分の経験が活きたチーム。\u000aそして、その場面は自分が顧客との折衝を行い、メンバーには開発に集中してもらったときだね。'),'2026-06-01 02:02:52');
INSERT INTO raw_logs VALUES('e519d9d1-4a79-40f1-91e1-1f3e88d41dbd','local_default_user','fc3fa0b1-d9bd-47d9-a752-1f0119460e3a','assistant',unistr('なるほど、若手の多いチームで、あなたが顧客との折衝を一手に引き受けて、メンバーは開発に集中できる環境を作ったんですね。その役割分担、とても素敵だなと思います。\u000a\u000aその時、具体的にどんなプロジェクトだったんですか？また、顧客との折衝の中で「これはうまくいった」とか「ここが大変だった」という具体的なエピソードはありますか？'),'2026-06-01 02:02:54');
INSERT INTO raw_logs VALUES('d7528e0f-0db4-4ae0-a92b-e71d665e4b8d','local_default_user','fc3fa0b1-d9bd-47d9-a752-1f0119460e3a','user','顧客側の要求とチームのリソースが合っていなくて、互いのバランスを取るのが大変だった','2026-06-01 02:03:21');
INSERT INTO raw_logs VALUES('f2479240-203c-4bf2-96a6-ea2ecd468136','local_default_user','fc3fa0b1-d9bd-47d9-a752-1f0119460e3a','assistant','「顧客の要求とチームのリソースのバランスを取る」——まさにPMの腕の見せどころですよね。その時は具体的にどんな要求とリソースのギャップがあって、あなたはどのようにバランスを取ったんですか？例えば、顧客に何をどう伝えたとか、チーム内でどんな調整をしたとか、具体的な場面を教えてもらえますか？','2026-06-01 02:03:24');
INSERT INTO raw_logs VALUES('db5f7890-0c04-43f1-9fb9-892323c38ea3','local_default_user','fc3fa0b1-d9bd-47d9-a752-1f0119460e3a','user','顧客にはトレードオフがあることを伝え、チームに関しては優先順位をはっきりと自分の責任で切って捨てるものを決めた時','2026-06-01 02:03:59');
INSERT INTO raw_logs VALUES('6d1e356f-d5bf-4341-a25a-7c7ac8b5bf1e','local_default_user','fc3fa0b1-d9bd-47d9-a752-1f0119460e3a','assistant',unistr('「トレードオフを伝える」「自分の責任で優先順位を切る」——その言葉に、リーダーとしての覚悟と誠実さがにじみ出ていますね。\u000a\u000aその時、顧客はトレードオフの話をどう受け止めましたか？また、チームメンバーには優先順位をどう伝えて、どんな反応がありましたか？具体的な場面をもう少し詳しく聞かせてもらえますか？'),'2026-06-01 02:04:01');
INSERT INTO raw_logs VALUES('e3dcbc63-d3a0-4359-a5b2-4ae9cba783a4','local_default_user','fc3fa0b1-d9bd-47d9-a752-1f0119460e3a','assistant','今、あなたの人生で一番エネルギーを注いでいることって、どんなことですか？','2026-06-01 02:04:19');
INSERT INTO raw_logs VALUES('9bb33108-f63c-4db4-894d-fa9bf2df4bd5','local_default_user','fc3fa0b1-d9bd-47d9-a752-1f0119460e3a','user','テスト','2026-06-01 02:04:26');
INSERT INTO raw_logs VALUES('064fab96-b003-4c89-8832-252c548b8239','local_default_user','fc3fa0b1-d9bd-47d9-a752-1f0119460e3a','assistant','「テスト」という言葉だけだと、いろんな意味が考えられますね。今のあなたの状況で言うと、Udemyのコース制作やフリーランスの仕事に関連した「テスト」なのか、それとも別の何かなのか…もしよかったら、もう少し教えてもらえますか？','2026-06-01 02:04:28');
INSERT INTO raw_logs VALUES('90902163-ef33-403c-85a4-23213d8cf4ca','local_default_user','7195ff8b-9099-430f-9b40-9ccdb5ec9bab','assistant','今、あなたの人生で一番エネルギーを注いでいることは何ですか？その活動にどんな思いや価値観が込められているのか、教えてもらえますか？','2026-06-01 02:05:26');
INSERT INTO raw_logs VALUES('075b323d-c417-481b-8565-13c7df1a34d7','local_default_user','7195ff8b-9099-430f-9b40-9ccdb5ec9bab','user',unistr('それはこのOSS開発\u000a自分の内面を理解したいという興味'),'2026-06-01 02:10:26');
INSERT INTO raw_logs VALUES('1de74d0e-ce1e-425c-9ed4-8a1cd6ee2551','local_default_user','7195ff8b-9099-430f-9b40-9ccdb5ec9bab','assistant','自分の内面を理解したいという興味がOSS開発の原動力になっているんですね。そのOSSは、具体的にどんな機能や目的を持ったものなんですか？','2026-06-01 02:10:28');
INSERT INTO raw_logs VALUES('dfbf1c22-15c8-4338-9ca3-a68884794594','local_default_user','7195ff8b-9099-430f-9b40-9ccdb5ec9bab','user','このソフトだよ自分コンテキストで、対話によって自分のほんとうの価値観などがわかる','2026-06-01 02:10:51');
INSERT INTO raw_logs VALUES('cd2bd358-6a2a-4833-a473-b7e7a5c1d070','local_default_user','7195ff8b-9099-430f-9b40-9ccdb5ec9bab','assistant','なるほど、自分自身と対話しながら価値観を掘り下げるツールを作っているんですね。そのソフトを作り始めたきっかけは何だったんですか？','2026-06-01 02:10:53');
INSERT INTO raw_logs VALUES('c1fc8f61-14ad-40ea-9299-117400bd875c','local_default_user','7195ff8b-9099-430f-9b40-9ccdb5ec9bab','user','AIがいい回答をくれないなあと思っていたんだけど、自分自身の情報を上手く与えられていなかったから','2026-06-01 02:12:11');
INSERT INTO raw_logs VALUES('62c58876-5cc3-4958-b464-fcaa5847d5ea','local_default_user','7195ff8b-9099-430f-9b40-9ccdb5ec9bab','assistant','なるほど、「AIに自分を理解してもらうには、まず自分が自分を整理しないといけない」という気づきがOSS開発の出発点だったんですね。その気づきを得たのは、どんな場面や出来事がきっかけだったんですか？','2026-06-01 02:12:13');
INSERT INTO raw_logs VALUES('7dfa3a87-fa41-429a-92c2-1396f079a67c','local_default_user','7195ff8b-9099-430f-9b40-9ccdb5ec9bab','user','この先どうやって生きていこうか迷った時','2026-06-01 02:12:59');
INSERT INTO raw_logs VALUES('75169e39-0d71-40c2-affb-77a012316483','local_default_user','7195ff8b-9099-430f-9b40-9ccdb5ec9bab','assistant','人生の迷いの中で、自分を理解するツールを作ろうと思い立ったんですね。その「この先どうやって生きていこうか迷った」時、具体的にどんな選択肢の間で揺れていたんですか？','2026-06-01 02:13:00');
INSERT INTO raw_logs VALUES('17c35e34-54ec-4501-9158-c64dd08be219','local_default_user','34c6e47a-e4de-48ca-ab51-c957bc4af146','assistant','あなたの絶対に譲れない価値観は何ですか？','2026-06-01 02:39:11');
INSERT INTO raw_logs VALUES('45b44845-a359-4aa3-b00a-642911850689','local_default_user','34c6e47a-e4de-48ca-ab51-c957bc4af146','user','自由、自律です','2026-06-01 03:19:59');
CREATE TABLE questions (
      id TEXT PRIMARY KEY,
      category TEXT NOT NULL,
      content TEXT NOT NULL,
      priority INTEGER NOT NULL DEFAULT 0,
      is_active INTEGER NOT NULL DEFAULT 1
    );
INSERT INTO questions VALUES('q01','childhood','子供の頃、何をするのが一番好きでしたか？',10,1);
INSERT INTO questions VALUES('q02','childhood','幼少期に最も影響を受けた人物は誰ですか？',9,1);
INSERT INTO questions VALUES('q03','childhood','子供の頃の夢は何でしたか？',8,1);
INSERT INTO questions VALUES('q04','education','学生時代に最も熱中したことは何ですか？',10,1);
INSERT INTO questions VALUES('q05','education','あなたの人生で転機となった学びの経験を教えてください。',9,1);
INSERT INTO questions VALUES('q06','education','今も記憶に残っている先生や恩師はいますか？',7,1);
INSERT INTO questions VALUES('q07','career','最初の仕事はどのようなものでしたか？',10,1);
INSERT INTO questions VALUES('q08','career','キャリアの中で最も誇りに思う成果は何ですか？',10,1);
INSERT INTO questions VALUES('q09','career','仕事を選ぶときに最も重視することは何ですか？',9,1);
INSERT INTO questions VALUES('q10','career','仕事で最も辛かった経験は何ですか？',8,1);
INSERT INTO questions VALUES('q11','values','人生で最も大切にしている価値観は何ですか？',10,1);
INSERT INTO questions VALUES('q12','values','自分が絶対に譲れないことは何ですか？',9,1);
INSERT INTO questions VALUES('q13','values','失敗から学んだ最も大きな教訓は何ですか？',8,1);
INSERT INTO questions VALUES('q14','values','お金と時間のどちらを優先しますか？その理由は？',7,1);
INSERT INTO questions VALUES('q15','goals','5年後にどのような状態でいたいですか？',10,1);
INSERT INTO questions VALUES('q16','goals','死ぬまでに必ず達成したいことは何ですか？',9,1);
INSERT INTO questions VALUES('q17','goals','今、最も力を入れていることは何ですか？',10,1);
INSERT INTO questions VALUES('q18','skills','自分が最も得意とすることは何ですか？',9,1);
INSERT INTO questions VALUES('q19','skills','これから身につけたいと思っているスキルは何ですか？',8,1);
INSERT INTO questions VALUES('q20','life_events','人生で最も嬉しかった出来事を教えてください。',9,1);
INSERT INTO questions VALUES('q21','life_events','人生で最も困難だった時期はいつですか？',8,1);
INSERT INTO questions VALUES('q22','life_events','あなたの考え方を大きく変えた出来事は何ですか？',9,1);
INSERT INTO questions VALUES('q23','relationships','あなたの人生に最も大きな影響を与えた人物を教えてください。',8,1);
INSERT INTO questions VALUES('q24','relationships','理想とする人間関係や友人像はどのようなものですか？',7,1);
INSERT INTO questions VALUES('q25','character','子供の頃から「昔からそういう人だね」と言われてきたことはありますか？',8,1);
INSERT INTO questions VALUES('q26','character','決断を迫られたとき、最終的に「体」が先に答えを出すことがありますか？どんな感覚ですか？',7,1);
INSERT INTO questions VALUES('q27','character','他の人が平気なのに、自分だけがどうしても嫌だと感じることはありますか？',8,1);
INSERT INTO questions VALUES('q28','relationships','今まで「この人とは合わなかった」と感じた人には、共通点がありましたか？',7,1);
INSERT INTO questions VALUES('q29','relationships','自然と長く付き合いが続く人と、なぜか疎遠になってしまう人の違いは何だと思いますか？',7,1);
INSERT INTO questions VALUES('q30','opinions','「世の中的には正しいとされているけど、自分は懐疑的だ」と思っていることはありますか？',8,1);
INSERT INTO questions VALUES('q31','opinions','今の仕事や業界で「これは過大評価されている」と思うものがあれば教えてください。',7,1);
INSERT INTO questions VALUES('q32','opinions','会議・採用・評価など、職場の慣行で「これは本当に必要なのか」と思ったことはありますか？',7,1);
INSERT INTO questions VALUES('q33','fears','声をかけられたのに断ったこと、または最後まで踏み込めなかったことはありますか？そのときどんな気持ちでしたか？',8,1);
INSERT INTO questions VALUES('q34','fears','「絶対にこういう立場や状況にはなりたくない」と強く思った経験はありますか？',9,1);
INSERT INTO questions VALUES('q35','fears','誰かや何かの「なれの果て」を見て、こうなりたくないと思ったことはありますか？',8,1);
INSERT INTO questions VALUES('q36','patterns','仕事でもプライベートでも「またこのパターンになってしまった」と気づいたことはありますか？',9,1);
INSERT INTO questions VALUES('q37','patterns','人間関係で繰り返してきた「困ったな」というパターンがあれば教えてください。',8,1);
INSERT INTO questions VALUES('q38','patterns','締め切り・プレッシャー・対立が生じたとき、自分はどう反応することが多いですか？',8,1);
INSERT INTO questions VALUES('q39','preferences','仕事の進め方で「これが自分のリズムだ」と感じるやり方はありますか？',8,1);
INSERT INTO questions VALUES('q40','preferences','他の人のプレゼンや文章で「読みやすい・伝わりやすい」と感じるのはどういうスタイルですか？',7,1);
INSERT INTO questions VALUES('q41','preferences','一番集中できる環境・時間帯・状況を教えてください。',7,1);
INSERT INTO questions VALUES('q42','relationships','一緒にいると自然とエネルギーが湧いてくる人は、どんな特徴を持っていますか？',8,1);
INSERT INTO questions VALUES('q43','relationships','信頼できる人かどうかを判断するとき、どんなことを見ていますか？',8,1);
INSERT INTO questions VALUES('q44','relationships','過去に「この人がいなかったら今の自分はなかった」と思う人はいますか？どんな関わりでしたか？',9,1);
INSERT INTO questions VALUES('q45','values','最近、自分らしく動けたなと感じた瞬間はありますか？そのとき体はどんな感じでしたか？',9,1);
INSERT INTO questions VALUES('q46','values','「これだけは妥協できない」と体が拒否反応を示したことはありますか？',8,1);
INSERT INTO questions VALUES('q47','goals','今やっていることの中で、時間を忘れて没頭してしまうものはありますか？',9,1);
INSERT INTO questions VALUES('q48','goals','誰にも頼まれていないのに、気づいたら考えたり調べたりしていることはありますか？',8,1);
INSERT INTO questions VALUES('q49','career','仕事中に「あ、これ好きだな」と体が前のめりになった瞬間を覚えていますか？',9,1);
INSERT INTO questions VALUES('q50','career','同じ成果でも、やり方によって体の重さが全然違うことがありますか？どんな違いですか？',8,1);
INSERT INTO questions VALUES('q51','life_events','「あのとき行動して本当によかった」と今でも思い出す決断はありますか？',8,1);
INSERT INTO questions VALUES('q52','life_events','環境が変わった瞬間、体が軽くなった（or 重くなった）経験はありますか？',8,1);
INSERT INTO questions VALUES('q53','character','ストレスがかかったとき、体のどこに一番先に出ますか？',7,1);
INSERT INTO questions VALUES('q54','character','「考える前に体が動いてしまう」タイプですか？それとも「頭で納得しないと動けない」タイプですか？',8,1);
INSERT INTO questions VALUES('q55','opinions','周りが「効率的」と言っているやり方が、自分には逆に遠回りに感じることはありますか？',7,1);
INSERT INTO questions VALUES('q56','opinions','「これは本質じゃない」と感じるのに、なぜかみんなが重視していることはありますか？',8,1);
INSERT INTO questions VALUES('q57','fears','過去に「安全な選択」をしたのに、なぜか後悔している決断はありますか？',8,1);
INSERT INTO questions VALUES('q58','patterns','お金・時間・人間関係で、同じ失敗を繰り返してしまうパターンはありますか？',8,1);
INSERT INTO questions VALUES('q59','skills','他の人が苦労することを、自分は自然にできてしまうことはありますか？',9,1);
INSERT INTO questions VALUES('q60','education','学校で習ったことより、独学で学んだことの方が役に立っていると感じますか？',7,1);
CREATE TABLE question_translations (
      question_id TEXT NOT NULL,
      language TEXT NOT NULL,
      content TEXT NOT NULL,
      PRIMARY KEY (question_id, language),
      FOREIGN KEY (question_id) REFERENCES questions(id) ON DELETE CASCADE
    );
CREATE TABLE user_questions (
      user_id TEXT NOT NULL,
      question_id TEXT NOT NULL,
      answered_at TEXT NOT NULL DEFAULT CURRENT_TIMESTAMP, `skipped_at` text,
      PRIMARY KEY (user_id, question_id),
      FOREIGN KEY (user_id) REFERENCES users(id) ON DELETE CASCADE,
      FOREIGN KEY (question_id) REFERENCES questions(id) ON DELETE CASCADE
    );
INSERT INTO user_questions VALUES('local_default_user','q01','2026-05-29 01:18:08',NULL);
INSERT INTO user_questions VALUES('local_default_user','q02','2026-05-29 03:22:28',NULL);
INSERT INTO user_questions VALUES('local_default_user','q03','2026-05-29 03:22:50',NULL);
INSERT INTO user_questions VALUES('local_default_user','q23','2026-05-29 03:30:13',NULL);
INSERT INTO user_questions VALUES('local_default_user','q24','2026-05-29 03:31:11',NULL);
INSERT INTO user_questions VALUES('local_default_user','q28','2026-05-29 03:31:53',NULL);
INSERT INTO user_questions VALUES('local_default_user','q29','2026-05-29 03:35:37',NULL);
INSERT INTO user_questions VALUES('local_default_user','q04','2026-05-29 04:40:02',NULL);
INSERT INTO user_questions VALUES('local_default_user','q07','2026-05-29 05:00:40',NULL);
INSERT INTO user_questions VALUES('local_default_user','q08','2026-06-01 02:02:01',NULL);
INSERT INTO user_questions VALUES('local_default_user','q11','2026-06-01 02:02:54',NULL);
INSERT INTO user_questions VALUES('local_default_user','q15','2026-06-01 02:04:17',NULL);
INSERT INTO user_questions VALUES('local_default_user','q17','2026-06-01 02:10:53',NULL);
INSERT INTO user_questions VALUES('local_default_user','q05','2026-06-01 02:13:00',NULL);
INSERT INTO user_questions VALUES('local_default_user','q09','2026-06-01 02:19:27',NULL);
INSERT INTO user_questions VALUES('local_default_user','q12','2026-06-01 03:20:22',NULL);
INSERT INTO user_questions VALUES('local_default_user','q16','2026-06-01 03:20:32',NULL);
INSERT INTO user_questions VALUES('local_default_user','q18','2026-06-01 03:20:51',NULL);
INSERT INTO user_questions VALUES('local_default_user','q20','2026-06-01 03:29:29',NULL);
INSERT INTO user_questions VALUES('local_default_user','q22','2026-06-01 03:29:50',NULL);
INSERT INTO user_questions VALUES('local_default_user','q34','2026-06-01 03:38:45',NULL);
INSERT INTO user_questions VALUES('local_default_user','q36','2026-06-01 03:39:51',NULL);
INSERT INTO user_questions VALUES('local_default_user','q10','2026-06-01 03:46:34',NULL);
INSERT INTO user_questions VALUES('local_default_user','q13','2026-06-01 03:46:58',NULL);
INSERT INTO user_questions VALUES('local_default_user','q19','2026-06-01 03:47:18',NULL);
INSERT INTO user_questions VALUES('local_default_user','q21','2026-06-01 03:47:32',NULL);
INSERT INTO user_questions VALUES('local_default_user','q25','2026-06-01 03:56:22',NULL);
INSERT INTO user_questions VALUES('local_default_user','q27','2026-06-01 03:57:59',NULL);
INSERT INTO user_questions VALUES('local_default_user','q30','2026-06-01 03:58:08',NULL);
INSERT INTO user_questions VALUES('local_default_user','q33','2026-06-01 04:02:12',NULL);
INSERT INTO user_questions VALUES('local_default_user','q35','2026-06-01 04:02:46',NULL);
INSERT INTO user_questions VALUES('local_default_user','q37','2026-06-01 04:03:36',NULL);
INSERT INTO user_questions VALUES('local_default_user','q38','2026-06-01 04:04:14',NULL);
INSERT INTO user_questions VALUES('local_default_user','q39','2026-06-01 04:11:20',NULL);
INSERT INTO user_questions VALUES('local_default_user','q06','2026-06-01 04:11:28',NULL);
INSERT INTO user_questions VALUES('local_default_user','q14','2026-06-01 04:11:43',NULL);
INSERT INTO user_questions VALUES('local_default_user','q44','2026-06-01 07:27:48',NULL);
INSERT INTO user_questions VALUES('local_default_user','q42','2026-06-01 07:40:42',NULL);
INSERT INTO user_questions VALUES('local_default_user','q43','2026-06-01 07:46:20',NULL);
INSERT INTO user_questions VALUES('local_default_user','q31','2026-06-01 07:47:26',NULL);
INSERT INTO user_questions VALUES('local_default_user','q32','2026-06-01 08:00:21',NULL);
INSERT INTO user_questions VALUES('local_default_user','q26','2026-06-01 08:02:08',NULL);
INSERT INTO user_questions VALUES('local_default_user','q40','2026-06-01 08:14:19',NULL);
INSERT INTO user_questions VALUES('local_default_user','q41','2026-06-01 13:00:39',NULL);
INSERT INTO user_questions VALUES('local_default_user','q56','2026-06-04 04:56:07',NULL);
INSERT INTO user_questions VALUES('local_default_user','q60','2026-06-04 04:58:11',NULL);
CREATE TABLE structured_facts (
      id TEXT PRIMARY KEY,
      user_id TEXT NOT NULL,
      category TEXT NOT NULL,
      fact TEXT NOT NULL,
      confidence_score REAL NOT NULL DEFAULT 0.8,
      visibility TEXT NOT NULL DEFAULT 'private' CHECK(visibility IN ('public', 'private')),
      source TEXT NOT NULL DEFAULT 'interview' CHECK(source IN ('import', 'interview')),
      created_at TEXT NOT NULL DEFAULT CURRENT_TIMESTAMP,
      updated_at TEXT NOT NULL DEFAULT CURRENT_TIMESTAMP, subcategory TEXT,
      FOREIGN KEY (user_id) REFERENCES users(id) ON DELETE CASCADE
    );
INSERT INTO structured_facts VALUES('e019ac31-65d7-4efa-925d-f2fbdeb11a96','local_default_user','skills','Laravel（6年）',0.6999999999999999556,'private','import','2026-05-24 09:39:52','2026-05-24 09:39:52',NULL);
INSERT INTO structured_facts VALUES('12db8cb3-23a0-47af-bd8d-21b544ce03d7','local_default_user','skills','React（3年）',0.6999999999999999556,'private','import','2026-05-24 09:39:52','2026-05-24 09:39:52',NULL);
INSERT INTO structured_facts VALUES('b03fcefb-4b1a-4c9e-9de1-bc1f8e525c61','local_default_user','skills','Next.js',0.6999999999999999556,'private','import','2026-05-24 09:39:52','2026-05-24 09:39:52',NULL);
INSERT INTO structured_facts VALUES('11a69e08-38ec-4eb2-bde7-75c20fbd4f55','local_default_user','skills','AWS（設計、IaaC、DevOps）',0.6999999999999999556,'private','import','2026-05-24 09:39:52','2026-05-24 09:39:52',NULL);
INSERT INTO structured_facts VALUES('ceafae23-0d0a-4d52-8d8f-f5a66d1ce524','local_default_user','skills','Docker（ECS、kubernetes含む）',0.6999999999999999556,'private','import','2026-05-24 09:39:52','2026-05-24 09:39:52',NULL);
INSERT INTO structured_facts VALUES('fb6ffb39-666a-4a40-ae33-bc03c3070e40','local_default_user','skills','プロジェクトマネージメント（最大20名のチーム）',0.6999999999999999556,'private','import','2026-05-24 09:39:52','2026-05-24 09:39:52',NULL);
INSERT INTO structured_facts VALUES('de359a96-7a8e-4114-86ad-0075f81793b2','local_default_user','skills','システム・DB設計',0.6999999999999999556,'private','import','2026-05-24 09:39:52','2026-05-24 09:39:52',NULL);
INSERT INTO structured_facts VALUES('bb9701a7-7c6c-455a-85cc-01e93e9c615c','local_default_user','skills','TypeScript',0.6999999999999999556,'private','import','2026-05-24 09:39:52','2026-05-24 09:39:52',NULL);
INSERT INTO structured_facts VALUES('90df6b55-98e4-4642-b754-bf84c1c6700e','local_default_user','skills','Python',0.6999999999999999556,'private','import','2026-05-24 09:39:52','2026-05-24 09:39:52',NULL);
INSERT INTO structured_facts VALUES('8ba62072-fbda-44e4-adbd-0496f394eb4f','local_default_user','skills','PHP',0.6999999999999999556,'private','import','2026-05-24 09:39:52','2026-05-24 09:39:52',NULL);
INSERT INTO structured_facts VALUES('8b75c726-18fa-4481-bad7-c842b07eef84','local_default_user','skills','Go',0.6999999999999999556,'private','import','2026-05-24 09:39:52','2026-05-24 09:39:52',NULL);
INSERT INTO structured_facts VALUES('12ff8490-b7ff-4a02-aa82-cb3d94c07ddd','local_default_user','skills','Ruby',0.6999999999999999556,'private','import','2026-05-24 09:39:52','2026-05-24 09:39:52',NULL);
INSERT INTO structured_facts VALUES('2a327b97-f62f-429e-a3f9-0c3909ce72c9','local_default_user','skills','Google App Script',0.6999999999999999556,'private','import','2026-05-24 09:39:52','2026-05-24 09:39:52',NULL);
INSERT INTO structured_facts VALUES('48693b98-af04-449f-b1d0-873cb00173d0','local_default_user','skills','Playwright',0.6999999999999999556,'private','import','2026-05-24 09:39:52','2026-05-24 09:39:52',NULL);
INSERT INTO structured_facts VALUES('8570b388-8517-4980-96f1-ffdbe736918a','local_default_user','skills','CDK',0.6999999999999999556,'private','import','2026-05-24 09:39:52','2026-05-24 09:39:52',NULL);
INSERT INTO structured_facts VALUES('3374b045-1383-4470-881d-b142225f9369','local_default_user','skills','CircleCI',0.6999999999999999556,'private','import','2026-05-24 09:39:52','2026-05-24 09:39:52',NULL);
INSERT INTO structured_facts VALUES('8e310186-91f4-49c4-acab-b2997b8a791f','local_default_user','skills','GitLab CI',0.6999999999999999556,'private','import','2026-05-24 09:39:52','2026-05-24 09:39:52',NULL);
INSERT INTO structured_facts VALUES('354e8198-fb72-407e-a727-0a0bd2e86c6b','local_default_user','skills','Vue.js',0.6999999999999999556,'private','import','2026-05-24 09:39:52','2026-05-24 09:39:52',NULL);
INSERT INTO structured_facts VALUES('eb39f539-210d-496e-a3b0-f1857c234178','local_default_user','skills','jQuery',0.6999999999999999556,'private','import','2026-05-24 09:39:52','2026-05-24 09:39:52',NULL);
INSERT INTO structured_facts VALUES('6077f183-230c-4f29-9540-21d05cf82d73','local_default_user','skills','MariaDB',0.6999999999999999556,'private','import','2026-05-24 09:39:52','2026-05-24 09:39:52',NULL);
INSERT INTO structured_facts VALUES('053fdcf3-c878-4905-817b-113fb81209ac','local_default_user','skills','MySQL',0.6999999999999999556,'private','import','2026-05-24 09:39:52','2026-05-24 09:39:52',NULL);
INSERT INTO structured_facts VALUES('721d1e16-8345-48c4-8535-8481e4dcebb5','local_default_user','skills','postgreSQL',0.6999999999999999556,'private','import','2026-05-24 09:39:52','2026-05-24 09:39:52',NULL);
INSERT INTO structured_facts VALUES('4699429b-83e8-452b-8e3b-78ece9a349cc','local_default_user','skills','BigQuery',0.6999999999999999556,'private','import','2026-05-24 09:39:52','2026-05-24 09:39:52',NULL);
INSERT INTO structured_facts VALUES('4a91fb67-8a66-4b73-8de0-6412562e4f62','local_default_user','skills','supabase',0.6999999999999999556,'private','import','2026-05-24 09:39:52','2026-05-24 09:39:52',NULL);
INSERT INTO structured_facts VALUES('182bb0c9-fb0d-4f93-89d7-4c996e550b4b','local_default_user','skills','Vercel',0.6999999999999999556,'private','import','2026-05-24 09:39:52','2026-05-24 09:39:52',NULL);
INSERT INTO structured_facts VALUES('1a3b3526-c444-478a-af76-be173b92ef6b','local_default_user','skills','AWS EC2',0.6999999999999999556,'private','import','2026-05-24 09:39:52','2026-05-24 09:39:52',NULL);
INSERT INTO structured_facts VALUES('33d9da85-00fc-4113-9597-51fdd13621d0','local_default_user','skills','AWS S3',0.6999999999999999556,'private','import','2026-05-24 09:39:52','2026-05-24 09:39:52',NULL);
INSERT INTO structured_facts VALUES('20bfb69d-d768-47ec-a465-cb24fdf443d5','local_default_user','skills','AWS CloudFront',0.6999999999999999556,'private','import','2026-05-24 09:39:52','2026-05-24 09:39:52',NULL);
INSERT INTO structured_facts VALUES('6f87786e-f98e-480f-849c-2423596594a5','local_default_user','skills','AWS RDS',0.6999999999999999556,'private','import','2026-05-24 09:39:52','2026-05-24 09:39:52',NULL);
INSERT INTO structured_facts VALUES('8414db59-d0a8-4149-9533-0e132503a36f','local_default_user','skills','AWS Elasticache',0.6999999999999999556,'private','import','2026-05-24 09:39:52','2026-05-24 09:39:52',NULL);
INSERT INTO structured_facts VALUES('4afef8f8-c72f-4ce2-aaf7-44c87a046612','local_default_user','skills','AWS Lightsail',0.6999999999999999556,'private','import','2026-05-24 09:39:52','2026-05-24 09:39:52',NULL);
INSERT INTO structured_facts VALUES('8ae95eaa-10b5-4204-b2a9-643da6ff5056','local_default_user','skills','AWS DataSync',0.6999999999999999556,'private','import','2026-05-24 09:39:52','2026-05-24 09:39:52',NULL);
INSERT INTO structured_facts VALUES('24ddb4a9-2b93-40ab-a808-53718792f8e5','local_default_user','skills','Amazon ECS',0.6999999999999999556,'private','import','2026-05-24 09:39:52','2026-05-24 09:39:52',NULL);
INSERT INTO structured_facts VALUES('824a4538-5452-468e-a751-f5b5f18d27d4','local_default_user','skills','Fargate',0.6999999999999999556,'private','import','2026-05-24 09:39:52','2026-05-24 09:39:52',NULL);
INSERT INTO structured_facts VALUES('d228772b-f08f-4e8f-815c-c012e2d4b9ef','local_default_user','skills','GKE',0.6999999999999999556,'private','import','2026-05-24 09:39:52','2026-05-24 09:39:52',NULL);
INSERT INTO structured_facts VALUES('c384f67f-5d40-4cdc-acce-8ecb145164f0','local_default_user','skills','kubernetes',0.6999999999999999556,'private','import','2026-05-24 09:39:52','2026-05-24 09:39:52',NULL);
INSERT INTO structured_facts VALUES('007dc180-2fa7-4874-9aa7-c5dee8a796a6','local_default_user','skills','Docker',0.6999999999999999556,'private','import','2026-05-24 09:39:52','2026-05-24 09:39:52',NULL);
INSERT INTO structured_facts VALUES('7448760c-17e6-4db0-a46b-782d13c43058','local_default_user','skills','Laravel',0.6999999999999999556,'private','import','2026-05-24 09:39:52','2026-05-24 09:39:52',NULL);
INSERT INTO structured_facts VALUES('026204a1-b230-460a-9409-e3ab6d683669','local_default_user','skills','Codeigniter',0.6999999999999999556,'private','import','2026-05-24 09:39:52','2026-05-24 09:39:52',NULL);
INSERT INTO structured_facts VALUES('3da68ac0-c0d4-4432-99ef-bdfc0e0c469d','local_default_user','skills','Ruby on Rails',0.6999999999999999556,'private','import','2026-05-24 09:39:52','2026-05-24 09:39:52',NULL);
INSERT INTO structured_facts VALUES('8a60c404-c97c-435d-a448-e99f59df7bcd','local_default_user','skills','Flask',0.6999999999999999556,'private','import','2026-05-24 09:39:52','2026-05-24 09:39:52',NULL);
INSERT INTO structured_facts VALUES('6b7d6b8a-608b-4a10-9039-a426d7222cad','local_default_user','skills','Sass',0.6999999999999999556,'private','import','2026-05-24 09:39:52','2026-05-24 09:39:52',NULL);
INSERT INTO structured_facts VALUES('7631ba99-3dd7-4dbd-8864-0849b7b164c2','local_default_user','skills','HTML',0.6999999999999999556,'private','import','2026-05-24 09:39:52','2026-05-24 09:39:52',NULL);
INSERT INTO structured_facts VALUES('6e0e9b61-0514-4bca-8d9d-190b7784dba9','local_default_user','skills','CSS',0.6999999999999999556,'private','import','2026-05-24 09:39:52','2026-05-24 09:39:52',NULL);
INSERT INTO structured_facts VALUES('cd9d7e55-1937-46bf-af45-63fddc3851d2','local_default_user','skills','PWA',0.6999999999999999556,'private','import','2026-05-24 09:39:52','2026-05-24 09:39:52',NULL);
INSERT INTO structured_facts VALUES('bbc7df43-5b14-4b15-a11c-f02d67c20d33','local_default_user','skills','Git Flow',0.6999999999999999556,'private','import','2026-05-24 09:39:52','2026-05-24 09:39:52',NULL);
INSERT INTO structured_facts VALUES('a3223548-165f-481b-a3a3-476c7da50c5c','local_default_user','education','大学卒',0.6999999999999999556,'private','import','2026-05-24 09:39:52','2026-05-24 09:39:52',NULL);
INSERT INTO structured_facts VALUES('dfa21814-07ff-4f90-b599-89ced466573a','local_default_user','career','個人事業主として活動中',0.6999999999999999556,'private','import','2026-05-24 09:39:52','2026-05-24 09:39:52',NULL);
INSERT INTO structured_facts VALUES('f5630f30-ef6b-4b2f-9da5-a3b0848ba732','local_default_user','career','企業経営経験あり（有限会社S、A株式会社、株式会社L）',0.6999999999999999556,'private','import','2026-05-24 09:39:52','2026-05-24 09:39:52',NULL);
INSERT INTO structured_facts VALUES('53df9832-d9c8-4790-bf3d-0f4aa530604f','local_default_user','education','高校卒業後、1年間浪人した',1.0,'public','interview','2026-05-28 08:04:13','2026-05-28 08:04:13',NULL);
INSERT INTO structured_facts VALUES('c42971a6-4799-4d57-9f3a-91782cd7453a','local_default_user','career','キヤノンを退職した',1.0,'public','interview','2026-05-28 08:04:13','2026-05-28 08:04:13',NULL);
INSERT INTO structured_facts VALUES('880d9883-f966-41eb-b61d-220669e90cc0','local_default_user','career','2021年に自身の会社が終わった',1.0,'public','interview','2026-05-28 08:04:13','2026-05-28 08:04:13',NULL);
INSERT INTO structured_facts VALUES('5a8b8b0a-67ba-46e8-9051-c541185d08e5','local_default_user','life_events','2025年秋にベトナム旅行に行った',1.0,'public','interview','2026-05-28 08:04:13','2026-05-28 08:04:13',NULL);
INSERT INTO structured_facts VALUES('1c0f4e98-2417-49d0-9a21-a5663306fac0','local_default_user','life_events','東南アジアに拠点を移した',1.0,'public','interview','2026-05-28 08:04:13','2026-05-28 08:04:13',NULL);
INSERT INTO structured_facts VALUES('fde93bb7-af87-4b3c-bc39-60c2c8a6760f','local_default_user','career','Udemyでコースを制作・公開している',1.0,'public','interview','2026-05-28 08:04:13','2026-05-28 08:04:13',NULL);
INSERT INTO structured_facts VALUES('d6a943cd-3ba4-4f9b-9d5b-7809d3d60375','local_default_user','career','フリーランスで仕事を探している',1.0,'public','interview','2026-05-28 08:04:13','2026-05-28 08:04:13',NULL);
INSERT INTO structured_facts VALUES('0398c83e-dd79-46f0-8610-f48910f89cce','local_default_user','life_events','カウンセラーからSE（身体的なアプローチ）を紹介された',1.0,'private','interview','2026-05-28 08:04:13','2026-05-28 08:04:13',NULL);
INSERT INTO structured_facts VALUES('cbd0e958-419d-44cf-bcdc-e8728c28d777','local_default_user','life_events','2021年の会社終了後に鬱になった',1.0,'private','interview','2026-05-28 08:04:13','2026-05-28 08:04:13',NULL);
INSERT INTO structured_facts VALUES('a619017a-28a0-4c9b-97fe-1787551230c3','local_default_user','values','「誰にも評価されない感じ」が心地よいと感じる',0.9000000000000000222,'private','interview','2026-05-28 08:04:13','2026-05-28 08:04:13',NULL);
INSERT INTO structured_facts VALUES('82bff99a-5db4-4591-87d8-e1a76078832d','local_default_user','values','「自分の場所は自分で作るしかない」という信念を持っている',0.9000000000000000222,'public','interview','2026-05-28 08:04:13','2026-05-28 08:04:13',NULL);
INSERT INTO structured_facts VALUES('05386c4f-cb64-4a7a-976f-336bf859b888','local_default_user','values','「体の感覚に従っていい」という考え方を人生の転機として重視している',0.9000000000000000222,'private','interview','2026-05-28 08:04:13','2026-05-28 08:04:13',NULL);
INSERT INTO structured_facts VALUES('3509f8b0-c362-4534-b2df-f9861ee70bec','local_default_user','values','「軽やかに生きる」ことを実践している',0.9000000000000000222,'public','interview','2026-05-28 08:04:13','2026-05-28 08:04:13',NULL);
INSERT INTO structured_facts VALUES('d3e06611-c4b6-49f9-aa16-a10e40e96977','local_default_user','goals','Udemyのコースを出し続けて収益を得たいと考えている',0.8000000000000000444,'public','interview','2026-05-28 08:04:13','2026-05-28 08:04:13',NULL);
INSERT INTO structured_facts VALUES('d649052c-d8e5-4b19-a7ce-ffae09caca21','local_default_user','goals','偽装請負ではない働き方を選びたいと考えている',0.9000000000000000222,'private','interview','2026-05-28 08:04:13','2026-05-28 08:04:13',NULL);
INSERT INTO structured_facts VALUES('91880073-227d-47b3-bb26-ca594cfda5cd','local_default_user','fears','偽装請負の働き方に戻ることを恐れている',0.9000000000000000222,'private','interview','2026-05-28 08:04:13','2026-05-28 08:04:13',NULL);
INSERT INTO structured_facts VALUES('b2991a57-94ff-4199-bbb1-a6a6b4faad55','local_default_user','fears','お金が切迫すると体の感覚が遠くなり、判断を誤ることを恐れている',0.8000000000000000444,'private','interview','2026-05-28 08:04:13','2026-05-28 08:04:13',NULL);
INSERT INTO structured_facts VALUES('297629f8-33d8-4a50-a735-f8e2af0c458b','local_default_user','patterns','お金が切迫すると「とにかく稼がないと」モードになり、体の感覚が遠くなるパターンを繰り返している',0.9000000000000000222,'private','interview','2026-05-28 08:04:13','2026-05-28 08:04:13',NULL);
INSERT INTO structured_facts VALUES('e92fb241-d509-40d7-b84f-c6e10005c42b','local_default_user','opinions','ITエージェント経由の案件は「偽装請負」的で絶望的だと思っている',0.9000000000000000222,'private','interview','2026-05-28 08:04:13','2026-05-28 08:04:13',NULL);
INSERT INTO structured_facts VALUES('90550476-5cfd-4c1c-a3e4-e8cc8e0f7acf','local_default_user','character','体の感覚（「嫌だ」というサイン）を自分の判断基準として重視する傾向がある',0.8000000000000000444,'private','interview','2026-05-28 08:04:13','2026-05-28 08:04:13',NULL);
INSERT INTO structured_facts VALUES('482c5649-f244-45a9-aaf3-927e405a840e','local_default_user','preferences','肩書きがない状態を心地よいと感じる',0.9000000000000000222,'private','interview','2026-05-28 08:04:13','2026-05-28 08:04:13',NULL);
INSERT INTO structured_facts VALUES('85a78a68-1b56-4dd7-a346-f5a5d6f6c26d','local_default_user','preferences','バックパック1個で旅するような軽やかな生き方を好む',0.9000000000000000222,'public','interview','2026-05-28 08:04:13','2026-05-28 08:04:13',NULL);
INSERT INTO structured_facts VALUES('9f329219-d6f8-4673-8cb3-bb91c47cc10c','local_default_user','career','独立後、自分のプロダクトが売れず、知り合いの社長から小規模な開発の仕事を請け負った',0.949999999999999956,'public','interview','2026-05-29 03:35:45','2026-05-29 03:35:45',NULL);
INSERT INTO structured_facts VALUES('b61bcb59-d515-4b6f-b4e2-a2a5890d9bdc','local_default_user','career','請け負った仕事はシンプルなサンプルアプリの作成で、自分の裁量でやり方を決められた',0.949999999999999956,'public','interview','2026-05-29 03:35:45','2026-05-29 03:35:45',NULL);
INSERT INTO structured_facts VALUES('48cea557-86a1-4ef4-b89a-44c5b9711651','local_default_user','career','その仕事は結果報酬型で、時間単価や場所に縛られない働き方だった',0.9000000000000000222,'public','interview','2026-05-29 03:35:45','2026-05-29 03:35:45',NULL);
INSERT INTO structured_facts VALUES('8ce1b58a-9fe2-4a51-864b-e37d42abdbb7','local_default_user','career','サンプルアプリの仕事は顧客に満足してもらえた',0.949999999999999956,'public','interview','2026-05-29 03:35:45','2026-05-29 03:35:45',NULL);
INSERT INTO structured_facts VALUES('353dad72-d20d-4611-8eb0-e19950537c47','local_default_user','values','結果で報酬をもらう働き方（時間単価・場所に関係なく）を大切にしている',0.9000000000000000222,'public','interview','2026-05-29 03:35:45','2026-05-29 03:35:45',NULL);
INSERT INTO structured_facts VALUES('4a7f83a9-73eb-4e9b-a30d-dd45790d06fc','local_default_user','values','「人よりも環境の影響のほうが大きい」と考えている',0.949999999999999956,'public','interview','2026-05-29 03:35:45','2026-05-29 03:35:45',NULL);
INSERT INTO structured_facts VALUES('5330d269-8673-4252-ad5c-d992a27a3981','local_default_user','preferences','自由な働き方には「何から手をつけるか迷う」という両面があると認識している',0.9000000000000000222,'private','interview','2026-05-29 03:35:45','2026-05-29 03:35:45',NULL);
INSERT INTO structured_facts VALUES('7cda9a2f-1535-405e-a69b-38d55eb84cd0','local_default_user','preferences','迷ったときは「とりあえずやってみる」というスタンスを取る',0.949999999999999956,'public','interview','2026-05-29 03:35:45','2026-05-29 03:35:45',NULL);
INSERT INTO structured_facts VALUES('521a12bd-c7cd-4296-9d1a-756ed7a92ef8','local_default_user','preferences','先に作ってみて見せて修正する開発スタイルを好む',0.9000000000000000222,'public','interview','2026-05-29 03:35:45','2026-05-29 03:35:45',NULL);
INSERT INTO structured_facts VALUES('c494cb7b-1235-4409-b87f-d1284525164e','local_default_user','life_events','最初に独立した後、自分のプロダクトが売れず知り合いの社長から開発の仕事をもらった',0.949999999999999956,'public','interview','2026-05-29 03:35:45','2026-05-29 03:35:45',NULL);
INSERT INTO structured_facts VALUES('a1e8b1eb-81e1-4dc0-a188-c511b50e2adb','local_default_user','life_events','初めて一人で海外に行った経験が環境として大きな影響を与えた',0.9000000000000000222,'public','interview','2026-05-29 03:35:46','2026-05-29 03:35:46',NULL);
INSERT INTO structured_facts VALUES('29711ec4-906a-402a-b504-b8847683621d','local_default_user','career','OSS開発にエネルギーを注いでいる',0.9000000000000000222,'public','interview','2026-06-01 02:19:31','2026-06-01 02:19:31',NULL);
INSERT INTO structured_facts VALUES('f4c31acb-8cb0-4cec-8020-9a7cd93e3a15','local_default_user','goals','自分自身の内面を理解するためのOSSツールを開発している',0.9000000000000000222,'public','interview','2026-06-01 02:19:31','2026-06-01 02:19:31',NULL);
INSERT INTO structured_facts VALUES('d6487d84-ccc3-4860-aefe-87d6166cb77e','local_default_user','goals','対話によって自分の本当の価値観がわかるソフトウェアを作っている',0.9000000000000000222,'public','interview','2026-06-01 02:19:31','2026-06-01 02:19:31',NULL);
INSERT INTO structured_facts VALUES('f625b224-d344-4504-bccf-dbfaefd1a619','local_default_user','life_events','この先どうやって生きていこうか迷ったことが、OSS開発のきっかけになった',0.9000000000000000222,'private','interview','2026-06-01 02:19:31','2026-06-01 02:19:31',NULL);
INSERT INTO structured_facts VALUES('455826fc-56c2-46e3-9071-196b9f3006a8','local_default_user','life_events','AIが良い回答をくれないと感じ、自分自身の情報を上手く与えられていなかったことに気づいた',0.9000000000000000222,'private','interview','2026-06-01 02:19:31','2026-06-01 02:19:31',NULL);
INSERT INTO structured_facts VALUES('3c2841a2-9dd3-4a8a-bee1-a30793051ee0','local_default_user','values','自分自身の内面を理解することに強い関心を持っている',0.9000000000000000222,'public','interview','2026-06-01 02:19:31','2026-06-01 02:19:31',NULL);
INSERT INTO structured_facts VALUES('6aef6d56-933c-4354-b0e2-d39e072f64c9','local_default_user','values','自由と自律を絶対に譲れない価値観として大切にしている',1.0,'public','interview','2026-06-01 03:20:55','2026-06-01 03:20:55',NULL);
INSERT INTO structured_facts VALUES('3c6c64d1-a55e-4ba4-a9de-5b35c5432fc2','local_default_user','career','2016年9月に自分で会社を設立した',1.0,'public','interview','2026-06-01 03:20:55','2026-06-01 03:20:55',NULL);
CREATE TABLE fact_evidences (
      fact_id TEXT NOT NULL,
      log_id TEXT NOT NULL,
      PRIMARY KEY (fact_id, log_id),
      FOREIGN KEY (fact_id) REFERENCES structured_facts(id) ON DELETE CASCADE,
      FOREIGN KEY (log_id) REFERENCES raw_logs(id) ON DELETE CASCADE
    );
INSERT INTO fact_evidences VALUES('53df9832-d9c8-4790-bf3d-0f4aa530604f','dc2f6a35-9362-4291-a607-7930648359cb');
INSERT INTO fact_evidences VALUES('53df9832-d9c8-4790-bf3d-0f4aa530604f','150430a0-4fce-4964-b640-30ba89947ad4');
INSERT INTO fact_evidences VALUES('53df9832-d9c8-4790-bf3d-0f4aa530604f','8eb64ad4-90a4-44c1-b180-fe4c9128ea2e');
INSERT INTO fact_evidences VALUES('53df9832-d9c8-4790-bf3d-0f4aa530604f','cd06928e-41ac-42b1-a53f-f4e42fa17ffd');
INSERT INTO fact_evidences VALUES('53df9832-d9c8-4790-bf3d-0f4aa530604f','98f5552d-cadf-4265-bf37-da3aaaf58e0d');
INSERT INTO fact_evidences VALUES('c42971a6-4799-4d57-9f3a-91782cd7453a','dc2f6a35-9362-4291-a607-7930648359cb');
INSERT INTO fact_evidences VALUES('c42971a6-4799-4d57-9f3a-91782cd7453a','150430a0-4fce-4964-b640-30ba89947ad4');
INSERT INTO fact_evidences VALUES('c42971a6-4799-4d57-9f3a-91782cd7453a','8eb64ad4-90a4-44c1-b180-fe4c9128ea2e');
INSERT INTO fact_evidences VALUES('c42971a6-4799-4d57-9f3a-91782cd7453a','cd06928e-41ac-42b1-a53f-f4e42fa17ffd');
INSERT INTO fact_evidences VALUES('c42971a6-4799-4d57-9f3a-91782cd7453a','98f5552d-cadf-4265-bf37-da3aaaf58e0d');
INSERT INTO fact_evidences VALUES('880d9883-f966-41eb-b61d-220669e90cc0','dc2f6a35-9362-4291-a607-7930648359cb');
INSERT INTO fact_evidences VALUES('880d9883-f966-41eb-b61d-220669e90cc0','150430a0-4fce-4964-b640-30ba89947ad4');
INSERT INTO fact_evidences VALUES('880d9883-f966-41eb-b61d-220669e90cc0','8eb64ad4-90a4-44c1-b180-fe4c9128ea2e');
INSERT INTO fact_evidences VALUES('880d9883-f966-41eb-b61d-220669e90cc0','cd06928e-41ac-42b1-a53f-f4e42fa17ffd');
INSERT INTO fact_evidences VALUES('880d9883-f966-41eb-b61d-220669e90cc0','98f5552d-cadf-4265-bf37-da3aaaf58e0d');
INSERT INTO fact_evidences VALUES('5a8b8b0a-67ba-46e8-9051-c541185d08e5','dc2f6a35-9362-4291-a607-7930648359cb');
INSERT INTO fact_evidences VALUES('5a8b8b0a-67ba-46e8-9051-c541185d08e5','150430a0-4fce-4964-b640-30ba89947ad4');
INSERT INTO fact_evidences VALUES('5a8b8b0a-67ba-46e8-9051-c541185d08e5','8eb64ad4-90a4-44c1-b180-fe4c9128ea2e');
INSERT INTO fact_evidences VALUES('5a8b8b0a-67ba-46e8-9051-c541185d08e5','cd06928e-41ac-42b1-a53f-f4e42fa17ffd');
INSERT INTO fact_evidences VALUES('5a8b8b0a-67ba-46e8-9051-c541185d08e5','98f5552d-cadf-4265-bf37-da3aaaf58e0d');
INSERT INTO fact_evidences VALUES('1c0f4e98-2417-49d0-9a21-a5663306fac0','dc2f6a35-9362-4291-a607-7930648359cb');
INSERT INTO fact_evidences VALUES('1c0f4e98-2417-49d0-9a21-a5663306fac0','150430a0-4fce-4964-b640-30ba89947ad4');
INSERT INTO fact_evidences VALUES('1c0f4e98-2417-49d0-9a21-a5663306fac0','8eb64ad4-90a4-44c1-b180-fe4c9128ea2e');
INSERT INTO fact_evidences VALUES('1c0f4e98-2417-49d0-9a21-a5663306fac0','cd06928e-41ac-42b1-a53f-f4e42fa17ffd');
INSERT INTO fact_evidences VALUES('1c0f4e98-2417-49d0-9a21-a5663306fac0','98f5552d-cadf-4265-bf37-da3aaaf58e0d');
INSERT INTO fact_evidences VALUES('fde93bb7-af87-4b3c-bc39-60c2c8a6760f','dc2f6a35-9362-4291-a607-7930648359cb');
INSERT INTO fact_evidences VALUES('fde93bb7-af87-4b3c-bc39-60c2c8a6760f','150430a0-4fce-4964-b640-30ba89947ad4');
INSERT INTO fact_evidences VALUES('fde93bb7-af87-4b3c-bc39-60c2c8a6760f','8eb64ad4-90a4-44c1-b180-fe4c9128ea2e');
INSERT INTO fact_evidences VALUES('fde93bb7-af87-4b3c-bc39-60c2c8a6760f','cd06928e-41ac-42b1-a53f-f4e42fa17ffd');
INSERT INTO fact_evidences VALUES('fde93bb7-af87-4b3c-bc39-60c2c8a6760f','98f5552d-cadf-4265-bf37-da3aaaf58e0d');
INSERT INTO fact_evidences VALUES('d6a943cd-3ba4-4f9b-9d5b-7809d3d60375','dc2f6a35-9362-4291-a607-7930648359cb');
INSERT INTO fact_evidences VALUES('d6a943cd-3ba4-4f9b-9d5b-7809d3d60375','150430a0-4fce-4964-b640-30ba89947ad4');
INSERT INTO fact_evidences VALUES('d6a943cd-3ba4-4f9b-9d5b-7809d3d60375','8eb64ad4-90a4-44c1-b180-fe4c9128ea2e');
INSERT INTO fact_evidences VALUES('d6a943cd-3ba4-4f9b-9d5b-7809d3d60375','cd06928e-41ac-42b1-a53f-f4e42fa17ffd');
INSERT INTO fact_evidences VALUES('d6a943cd-3ba4-4f9b-9d5b-7809d3d60375','98f5552d-cadf-4265-bf37-da3aaaf58e0d');
INSERT INTO fact_evidences VALUES('0398c83e-dd79-46f0-8610-f48910f89cce','dc2f6a35-9362-4291-a607-7930648359cb');
INSERT INTO fact_evidences VALUES('0398c83e-dd79-46f0-8610-f48910f89cce','150430a0-4fce-4964-b640-30ba89947ad4');
INSERT INTO fact_evidences VALUES('0398c83e-dd79-46f0-8610-f48910f89cce','8eb64ad4-90a4-44c1-b180-fe4c9128ea2e');
INSERT INTO fact_evidences VALUES('0398c83e-dd79-46f0-8610-f48910f89cce','cd06928e-41ac-42b1-a53f-f4e42fa17ffd');
INSERT INTO fact_evidences VALUES('0398c83e-dd79-46f0-8610-f48910f89cce','98f5552d-cadf-4265-bf37-da3aaaf58e0d');
INSERT INTO fact_evidences VALUES('cbd0e958-419d-44cf-bcdc-e8728c28d777','dc2f6a35-9362-4291-a607-7930648359cb');
INSERT INTO fact_evidences VALUES('cbd0e958-419d-44cf-bcdc-e8728c28d777','150430a0-4fce-4964-b640-30ba89947ad4');
INSERT INTO fact_evidences VALUES('cbd0e958-419d-44cf-bcdc-e8728c28d777','8eb64ad4-90a4-44c1-b180-fe4c9128ea2e');
INSERT INTO fact_evidences VALUES('cbd0e958-419d-44cf-bcdc-e8728c28d777','cd06928e-41ac-42b1-a53f-f4e42fa17ffd');
INSERT INTO fact_evidences VALUES('cbd0e958-419d-44cf-bcdc-e8728c28d777','98f5552d-cadf-4265-bf37-da3aaaf58e0d');
INSERT INTO fact_evidences VALUES('a619017a-28a0-4c9b-97fe-1787551230c3','dc2f6a35-9362-4291-a607-7930648359cb');
INSERT INTO fact_evidences VALUES('a619017a-28a0-4c9b-97fe-1787551230c3','150430a0-4fce-4964-b640-30ba89947ad4');
INSERT INTO fact_evidences VALUES('a619017a-28a0-4c9b-97fe-1787551230c3','8eb64ad4-90a4-44c1-b180-fe4c9128ea2e');
INSERT INTO fact_evidences VALUES('a619017a-28a0-4c9b-97fe-1787551230c3','cd06928e-41ac-42b1-a53f-f4e42fa17ffd');
INSERT INTO fact_evidences VALUES('a619017a-28a0-4c9b-97fe-1787551230c3','98f5552d-cadf-4265-bf37-da3aaaf58e0d');
INSERT INTO fact_evidences VALUES('82bff99a-5db4-4591-87d8-e1a76078832d','dc2f6a35-9362-4291-a607-7930648359cb');
INSERT INTO fact_evidences VALUES('82bff99a-5db4-4591-87d8-e1a76078832d','150430a0-4fce-4964-b640-30ba89947ad4');
INSERT INTO fact_evidences VALUES('82bff99a-5db4-4591-87d8-e1a76078832d','8eb64ad4-90a4-44c1-b180-fe4c9128ea2e');
INSERT INTO fact_evidences VALUES('82bff99a-5db4-4591-87d8-e1a76078832d','cd06928e-41ac-42b1-a53f-f4e42fa17ffd');
INSERT INTO fact_evidences VALUES('82bff99a-5db4-4591-87d8-e1a76078832d','98f5552d-cadf-4265-bf37-da3aaaf58e0d');
INSERT INTO fact_evidences VALUES('05386c4f-cb64-4a7a-976f-336bf859b888','dc2f6a35-9362-4291-a607-7930648359cb');
INSERT INTO fact_evidences VALUES('05386c4f-cb64-4a7a-976f-336bf859b888','150430a0-4fce-4964-b640-30ba89947ad4');
INSERT INTO fact_evidences VALUES('05386c4f-cb64-4a7a-976f-336bf859b888','8eb64ad4-90a4-44c1-b180-fe4c9128ea2e');
INSERT INTO fact_evidences VALUES('05386c4f-cb64-4a7a-976f-336bf859b888','cd06928e-41ac-42b1-a53f-f4e42fa17ffd');
INSERT INTO fact_evidences VALUES('05386c4f-cb64-4a7a-976f-336bf859b888','98f5552d-cadf-4265-bf37-da3aaaf58e0d');
INSERT INTO fact_evidences VALUES('3509f8b0-c362-4534-b2df-f9861ee70bec','dc2f6a35-9362-4291-a607-7930648359cb');
INSERT INTO fact_evidences VALUES('3509f8b0-c362-4534-b2df-f9861ee70bec','150430a0-4fce-4964-b640-30ba89947ad4');
INSERT INTO fact_evidences VALUES('3509f8b0-c362-4534-b2df-f9861ee70bec','8eb64ad4-90a4-44c1-b180-fe4c9128ea2e');
INSERT INTO fact_evidences VALUES('3509f8b0-c362-4534-b2df-f9861ee70bec','cd06928e-41ac-42b1-a53f-f4e42fa17ffd');
INSERT INTO fact_evidences VALUES('3509f8b0-c362-4534-b2df-f9861ee70bec','98f5552d-cadf-4265-bf37-da3aaaf58e0d');
INSERT INTO fact_evidences VALUES('d3e06611-c4b6-49f9-aa16-a10e40e96977','dc2f6a35-9362-4291-a607-7930648359cb');
INSERT INTO fact_evidences VALUES('d3e06611-c4b6-49f9-aa16-a10e40e96977','150430a0-4fce-4964-b640-30ba89947ad4');
INSERT INTO fact_evidences VALUES('d3e06611-c4b6-49f9-aa16-a10e40e96977','8eb64ad4-90a4-44c1-b180-fe4c9128ea2e');
INSERT INTO fact_evidences VALUES('d3e06611-c4b6-49f9-aa16-a10e40e96977','cd06928e-41ac-42b1-a53f-f4e42fa17ffd');
INSERT INTO fact_evidences VALUES('d3e06611-c4b6-49f9-aa16-a10e40e96977','98f5552d-cadf-4265-bf37-da3aaaf58e0d');
INSERT INTO fact_evidences VALUES('d649052c-d8e5-4b19-a7ce-ffae09caca21','dc2f6a35-9362-4291-a607-7930648359cb');
INSERT INTO fact_evidences VALUES('d649052c-d8e5-4b19-a7ce-ffae09caca21','150430a0-4fce-4964-b640-30ba89947ad4');
INSERT INTO fact_evidences VALUES('d649052c-d8e5-4b19-a7ce-ffae09caca21','8eb64ad4-90a4-44c1-b180-fe4c9128ea2e');
INSERT INTO fact_evidences VALUES('d649052c-d8e5-4b19-a7ce-ffae09caca21','cd06928e-41ac-42b1-a53f-f4e42fa17ffd');
INSERT INTO fact_evidences VALUES('d649052c-d8e5-4b19-a7ce-ffae09caca21','98f5552d-cadf-4265-bf37-da3aaaf58e0d');
INSERT INTO fact_evidences VALUES('91880073-227d-47b3-bb26-ca594cfda5cd','dc2f6a35-9362-4291-a607-7930648359cb');
INSERT INTO fact_evidences VALUES('91880073-227d-47b3-bb26-ca594cfda5cd','150430a0-4fce-4964-b640-30ba89947ad4');
INSERT INTO fact_evidences VALUES('91880073-227d-47b3-bb26-ca594cfda5cd','8eb64ad4-90a4-44c1-b180-fe4c9128ea2e');
INSERT INTO fact_evidences VALUES('91880073-227d-47b3-bb26-ca594cfda5cd','cd06928e-41ac-42b1-a53f-f4e42fa17ffd');
INSERT INTO fact_evidences VALUES('91880073-227d-47b3-bb26-ca594cfda5cd','98f5552d-cadf-4265-bf37-da3aaaf58e0d');
INSERT INTO fact_evidences VALUES('b2991a57-94ff-4199-bbb1-a6a6b4faad55','dc2f6a35-9362-4291-a607-7930648359cb');
INSERT INTO fact_evidences VALUES('b2991a57-94ff-4199-bbb1-a6a6b4faad55','150430a0-4fce-4964-b640-30ba89947ad4');
INSERT INTO fact_evidences VALUES('b2991a57-94ff-4199-bbb1-a6a6b4faad55','8eb64ad4-90a4-44c1-b180-fe4c9128ea2e');
INSERT INTO fact_evidences VALUES('b2991a57-94ff-4199-bbb1-a6a6b4faad55','cd06928e-41ac-42b1-a53f-f4e42fa17ffd');
INSERT INTO fact_evidences VALUES('b2991a57-94ff-4199-bbb1-a6a6b4faad55','98f5552d-cadf-4265-bf37-da3aaaf58e0d');
INSERT INTO fact_evidences VALUES('297629f8-33d8-4a50-a735-f8e2af0c458b','dc2f6a35-9362-4291-a607-7930648359cb');
INSERT INTO fact_evidences VALUES('297629f8-33d8-4a50-a735-f8e2af0c458b','150430a0-4fce-4964-b640-30ba89947ad4');
INSERT INTO fact_evidences VALUES('297629f8-33d8-4a50-a735-f8e2af0c458b','8eb64ad4-90a4-44c1-b180-fe4c9128ea2e');
INSERT INTO fact_evidences VALUES('297629f8-33d8-4a50-a735-f8e2af0c458b','cd06928e-41ac-42b1-a53f-f4e42fa17ffd');
INSERT INTO fact_evidences VALUES('297629f8-33d8-4a50-a735-f8e2af0c458b','98f5552d-cadf-4265-bf37-da3aaaf58e0d');
INSERT INTO fact_evidences VALUES('e92fb241-d509-40d7-b84f-c6e10005c42b','dc2f6a35-9362-4291-a607-7930648359cb');
INSERT INTO fact_evidences VALUES('e92fb241-d509-40d7-b84f-c6e10005c42b','150430a0-4fce-4964-b640-30ba89947ad4');
INSERT INTO fact_evidences VALUES('e92fb241-d509-40d7-b84f-c6e10005c42b','8eb64ad4-90a4-44c1-b180-fe4c9128ea2e');
INSERT INTO fact_evidences VALUES('e92fb241-d509-40d7-b84f-c6e10005c42b','cd06928e-41ac-42b1-a53f-f4e42fa17ffd');
INSERT INTO fact_evidences VALUES('e92fb241-d509-40d7-b84f-c6e10005c42b','98f5552d-cadf-4265-bf37-da3aaaf58e0d');
INSERT INTO fact_evidences VALUES('90550476-5cfd-4c1c-a3e4-e8cc8e0f7acf','dc2f6a35-9362-4291-a607-7930648359cb');
INSERT INTO fact_evidences VALUES('90550476-5cfd-4c1c-a3e4-e8cc8e0f7acf','150430a0-4fce-4964-b640-30ba89947ad4');
INSERT INTO fact_evidences VALUES('90550476-5cfd-4c1c-a3e4-e8cc8e0f7acf','8eb64ad4-90a4-44c1-b180-fe4c9128ea2e');
INSERT INTO fact_evidences VALUES('90550476-5cfd-4c1c-a3e4-e8cc8e0f7acf','cd06928e-41ac-42b1-a53f-f4e42fa17ffd');
INSERT INTO fact_evidences VALUES('90550476-5cfd-4c1c-a3e4-e8cc8e0f7acf','98f5552d-cadf-4265-bf37-da3aaaf58e0d');
INSERT INTO fact_evidences VALUES('482c5649-f244-45a9-aaf3-927e405a840e','dc2f6a35-9362-4291-a607-7930648359cb');
INSERT INTO fact_evidences VALUES('482c5649-f244-45a9-aaf3-927e405a840e','150430a0-4fce-4964-b640-30ba89947ad4');
INSERT INTO fact_evidences VALUES('482c5649-f244-45a9-aaf3-927e405a840e','8eb64ad4-90a4-44c1-b180-fe4c9128ea2e');
INSERT INTO fact_evidences VALUES('482c5649-f244-45a9-aaf3-927e405a840e','cd06928e-41ac-42b1-a53f-f4e42fa17ffd');
INSERT INTO fact_evidences VALUES('482c5649-f244-45a9-aaf3-927e405a840e','98f5552d-cadf-4265-bf37-da3aaaf58e0d');
INSERT INTO fact_evidences VALUES('85a78a68-1b56-4dd7-a346-f5a5d6f6c26d','dc2f6a35-9362-4291-a607-7930648359cb');
INSERT INTO fact_evidences VALUES('85a78a68-1b56-4dd7-a346-f5a5d6f6c26d','150430a0-4fce-4964-b640-30ba89947ad4');
INSERT INTO fact_evidences VALUES('85a78a68-1b56-4dd7-a346-f5a5d6f6c26d','8eb64ad4-90a4-44c1-b180-fe4c9128ea2e');
INSERT INTO fact_evidences VALUES('85a78a68-1b56-4dd7-a346-f5a5d6f6c26d','cd06928e-41ac-42b1-a53f-f4e42fa17ffd');
INSERT INTO fact_evidences VALUES('85a78a68-1b56-4dd7-a346-f5a5d6f6c26d','98f5552d-cadf-4265-bf37-da3aaaf58e0d');
INSERT INTO fact_evidences VALUES('9f329219-d6f8-4673-8cb3-bb91c47cc10c','5c96f755-93eb-49aa-bc78-e622effd1ac4');
INSERT INTO fact_evidences VALUES('9f329219-d6f8-4673-8cb3-bb91c47cc10c','a2888896-3fda-47c3-8c62-937e6da3c5f0');
INSERT INTO fact_evidences VALUES('9f329219-d6f8-4673-8cb3-bb91c47cc10c','6b273575-2eec-4afc-8370-a2267f65bccd');
INSERT INTO fact_evidences VALUES('9f329219-d6f8-4673-8cb3-bb91c47cc10c','87f65db2-b498-4911-9027-d7005dcf2c84');
INSERT INTO fact_evidences VALUES('9f329219-d6f8-4673-8cb3-bb91c47cc10c','b23e86d9-8de2-46f0-9cc5-15f2e05661c8');
INSERT INTO fact_evidences VALUES('9f329219-d6f8-4673-8cb3-bb91c47cc10c','8f05a470-ae91-4887-b127-b754672cd242');
INSERT INTO fact_evidences VALUES('9f329219-d6f8-4673-8cb3-bb91c47cc10c','666fc675-0beb-4a32-a54d-3c624d8e636f');
INSERT INTO fact_evidences VALUES('9f329219-d6f8-4673-8cb3-bb91c47cc10c','18157ca5-7b50-4dea-952a-bcf832ac2587');
INSERT INTO fact_evidences VALUES('9f329219-d6f8-4673-8cb3-bb91c47cc10c','b16c978e-702c-4ef3-9c7f-a08be56e0a25');
INSERT INTO fact_evidences VALUES('9f329219-d6f8-4673-8cb3-bb91c47cc10c','7f5ddf88-745b-4cb8-93c7-979af7ab64d4');
INSERT INTO fact_evidences VALUES('9f329219-d6f8-4673-8cb3-bb91c47cc10c','33f71961-5121-46ef-8b48-37806cb25ac0');
INSERT INTO fact_evidences VALUES('9f329219-d6f8-4673-8cb3-bb91c47cc10c','2f31b5b1-37ac-496d-b681-fed83ef28882');
INSERT INTO fact_evidences VALUES('9f329219-d6f8-4673-8cb3-bb91c47cc10c','ea52afd9-bbf1-4eb1-9d65-b58bb146f022');
INSERT INTO fact_evidences VALUES('9f329219-d6f8-4673-8cb3-bb91c47cc10c','6f89fd51-034d-4536-b254-41c1cd416822');
INSERT INTO fact_evidences VALUES('9f329219-d6f8-4673-8cb3-bb91c47cc10c','23f13312-e90a-437a-b5de-19de2428f1ca');
INSERT INTO fact_evidences VALUES('9f329219-d6f8-4673-8cb3-bb91c47cc10c','0c8e40b3-7c5f-49b6-9e39-0d11ced0ef93');
INSERT INTO fact_evidences VALUES('9f329219-d6f8-4673-8cb3-bb91c47cc10c','5e7c8568-5170-46d9-97ec-9c5526b4ee47');
INSERT INTO fact_evidences VALUES('b61bcb59-d515-4b6f-b4e2-a2a5890d9bdc','5c96f755-93eb-49aa-bc78-e622effd1ac4');
INSERT INTO fact_evidences VALUES('b61bcb59-d515-4b6f-b4e2-a2a5890d9bdc','a2888896-3fda-47c3-8c62-937e6da3c5f0');
INSERT INTO fact_evidences VALUES('b61bcb59-d515-4b6f-b4e2-a2a5890d9bdc','6b273575-2eec-4afc-8370-a2267f65bccd');
INSERT INTO fact_evidences VALUES('b61bcb59-d515-4b6f-b4e2-a2a5890d9bdc','87f65db2-b498-4911-9027-d7005dcf2c84');
INSERT INTO fact_evidences VALUES('b61bcb59-d515-4b6f-b4e2-a2a5890d9bdc','b23e86d9-8de2-46f0-9cc5-15f2e05661c8');
INSERT INTO fact_evidences VALUES('b61bcb59-d515-4b6f-b4e2-a2a5890d9bdc','8f05a470-ae91-4887-b127-b754672cd242');
INSERT INTO fact_evidences VALUES('b61bcb59-d515-4b6f-b4e2-a2a5890d9bdc','666fc675-0beb-4a32-a54d-3c624d8e636f');
INSERT INTO fact_evidences VALUES('b61bcb59-d515-4b6f-b4e2-a2a5890d9bdc','18157ca5-7b50-4dea-952a-bcf832ac2587');
INSERT INTO fact_evidences VALUES('b61bcb59-d515-4b6f-b4e2-a2a5890d9bdc','b16c978e-702c-4ef3-9c7f-a08be56e0a25');
INSERT INTO fact_evidences VALUES('b61bcb59-d515-4b6f-b4e2-a2a5890d9bdc','7f5ddf88-745b-4cb8-93c7-979af7ab64d4');
INSERT INTO fact_evidences VALUES('b61bcb59-d515-4b6f-b4e2-a2a5890d9bdc','33f71961-5121-46ef-8b48-37806cb25ac0');
INSERT INTO fact_evidences VALUES('b61bcb59-d515-4b6f-b4e2-a2a5890d9bdc','2f31b5b1-37ac-496d-b681-fed83ef28882');
INSERT INTO fact_evidences VALUES('b61bcb59-d515-4b6f-b4e2-a2a5890d9bdc','ea52afd9-bbf1-4eb1-9d65-b58bb146f022');
INSERT INTO fact_evidences VALUES('b61bcb59-d515-4b6f-b4e2-a2a5890d9bdc','6f89fd51-034d-4536-b254-41c1cd416822');
INSERT INTO fact_evidences VALUES('b61bcb59-d515-4b6f-b4e2-a2a5890d9bdc','23f13312-e90a-437a-b5de-19de2428f1ca');
INSERT INTO fact_evidences VALUES('b61bcb59-d515-4b6f-b4e2-a2a5890d9bdc','0c8e40b3-7c5f-49b6-9e39-0d11ced0ef93');
INSERT INTO fact_evidences VALUES('b61bcb59-d515-4b6f-b4e2-a2a5890d9bdc','5e7c8568-5170-46d9-97ec-9c5526b4ee47');
INSERT INTO fact_evidences VALUES('48cea557-86a1-4ef4-b89a-44c5b9711651','5c96f755-93eb-49aa-bc78-e622effd1ac4');
INSERT INTO fact_evidences VALUES('48cea557-86a1-4ef4-b89a-44c5b9711651','a2888896-3fda-47c3-8c62-937e6da3c5f0');
INSERT INTO fact_evidences VALUES('48cea557-86a1-4ef4-b89a-44c5b9711651','6b273575-2eec-4afc-8370-a2267f65bccd');
INSERT INTO fact_evidences VALUES('48cea557-86a1-4ef4-b89a-44c5b9711651','87f65db2-b498-4911-9027-d7005dcf2c84');
INSERT INTO fact_evidences VALUES('48cea557-86a1-4ef4-b89a-44c5b9711651','b23e86d9-8de2-46f0-9cc5-15f2e05661c8');
INSERT INTO fact_evidences VALUES('48cea557-86a1-4ef4-b89a-44c5b9711651','8f05a470-ae91-4887-b127-b754672cd242');
INSERT INTO fact_evidences VALUES('48cea557-86a1-4ef4-b89a-44c5b9711651','666fc675-0beb-4a32-a54d-3c624d8e636f');
INSERT INTO fact_evidences VALUES('48cea557-86a1-4ef4-b89a-44c5b9711651','18157ca5-7b50-4dea-952a-bcf832ac2587');
INSERT INTO fact_evidences VALUES('48cea557-86a1-4ef4-b89a-44c5b9711651','b16c978e-702c-4ef3-9c7f-a08be56e0a25');
INSERT INTO fact_evidences VALUES('48cea557-86a1-4ef4-b89a-44c5b9711651','7f5ddf88-745b-4cb8-93c7-979af7ab64d4');
INSERT INTO fact_evidences VALUES('48cea557-86a1-4ef4-b89a-44c5b9711651','33f71961-5121-46ef-8b48-37806cb25ac0');
INSERT INTO fact_evidences VALUES('48cea557-86a1-4ef4-b89a-44c5b9711651','2f31b5b1-37ac-496d-b681-fed83ef28882');
INSERT INTO fact_evidences VALUES('48cea557-86a1-4ef4-b89a-44c5b9711651','ea52afd9-bbf1-4eb1-9d65-b58bb146f022');
INSERT INTO fact_evidences VALUES('48cea557-86a1-4ef4-b89a-44c5b9711651','6f89fd51-034d-4536-b254-41c1cd416822');
INSERT INTO fact_evidences VALUES('48cea557-86a1-4ef4-b89a-44c5b9711651','23f13312-e90a-437a-b5de-19de2428f1ca');
INSERT INTO fact_evidences VALUES('48cea557-86a1-4ef4-b89a-44c5b9711651','0c8e40b3-7c5f-49b6-9e39-0d11ced0ef93');
INSERT INTO fact_evidences VALUES('48cea557-86a1-4ef4-b89a-44c5b9711651','5e7c8568-5170-46d9-97ec-9c5526b4ee47');
INSERT INTO fact_evidences VALUES('8ce1b58a-9fe2-4a51-864b-e37d42abdbb7','5c96f755-93eb-49aa-bc78-e622effd1ac4');
INSERT INTO fact_evidences VALUES('8ce1b58a-9fe2-4a51-864b-e37d42abdbb7','a2888896-3fda-47c3-8c62-937e6da3c5f0');
INSERT INTO fact_evidences VALUES('8ce1b58a-9fe2-4a51-864b-e37d42abdbb7','6b273575-2eec-4afc-8370-a2267f65bccd');
INSERT INTO fact_evidences VALUES('8ce1b58a-9fe2-4a51-864b-e37d42abdbb7','87f65db2-b498-4911-9027-d7005dcf2c84');
INSERT INTO fact_evidences VALUES('8ce1b58a-9fe2-4a51-864b-e37d42abdbb7','b23e86d9-8de2-46f0-9cc5-15f2e05661c8');
INSERT INTO fact_evidences VALUES('8ce1b58a-9fe2-4a51-864b-e37d42abdbb7','8f05a470-ae91-4887-b127-b754672cd242');
INSERT INTO fact_evidences VALUES('8ce1b58a-9fe2-4a51-864b-e37d42abdbb7','666fc675-0beb-4a32-a54d-3c624d8e636f');
INSERT INTO fact_evidences VALUES('8ce1b58a-9fe2-4a51-864b-e37d42abdbb7','18157ca5-7b50-4dea-952a-bcf832ac2587');
INSERT INTO fact_evidences VALUES('8ce1b58a-9fe2-4a51-864b-e37d42abdbb7','b16c978e-702c-4ef3-9c7f-a08be56e0a25');
INSERT INTO fact_evidences VALUES('8ce1b58a-9fe2-4a51-864b-e37d42abdbb7','7f5ddf88-745b-4cb8-93c7-979af7ab64d4');
INSERT INTO fact_evidences VALUES('8ce1b58a-9fe2-4a51-864b-e37d42abdbb7','33f71961-5121-46ef-8b48-37806cb25ac0');
INSERT INTO fact_evidences VALUES('8ce1b58a-9fe2-4a51-864b-e37d42abdbb7','2f31b5b1-37ac-496d-b681-fed83ef28882');
INSERT INTO fact_evidences VALUES('8ce1b58a-9fe2-4a51-864b-e37d42abdbb7','ea52afd9-bbf1-4eb1-9d65-b58bb146f022');
INSERT INTO fact_evidences VALUES('8ce1b58a-9fe2-4a51-864b-e37d42abdbb7','6f89fd51-034d-4536-b254-41c1cd416822');
INSERT INTO fact_evidences VALUES('8ce1b58a-9fe2-4a51-864b-e37d42abdbb7','23f13312-e90a-437a-b5de-19de2428f1ca');
INSERT INTO fact_evidences VALUES('8ce1b58a-9fe2-4a51-864b-e37d42abdbb7','0c8e40b3-7c5f-49b6-9e39-0d11ced0ef93');
INSERT INTO fact_evidences VALUES('8ce1b58a-9fe2-4a51-864b-e37d42abdbb7','5e7c8568-5170-46d9-97ec-9c5526b4ee47');
INSERT INTO fact_evidences VALUES('353dad72-d20d-4611-8eb0-e19950537c47','5c96f755-93eb-49aa-bc78-e622effd1ac4');
INSERT INTO fact_evidences VALUES('353dad72-d20d-4611-8eb0-e19950537c47','a2888896-3fda-47c3-8c62-937e6da3c5f0');
INSERT INTO fact_evidences VALUES('353dad72-d20d-4611-8eb0-e19950537c47','6b273575-2eec-4afc-8370-a2267f65bccd');
INSERT INTO fact_evidences VALUES('353dad72-d20d-4611-8eb0-e19950537c47','87f65db2-b498-4911-9027-d7005dcf2c84');
INSERT INTO fact_evidences VALUES('353dad72-d20d-4611-8eb0-e19950537c47','b23e86d9-8de2-46f0-9cc5-15f2e05661c8');
INSERT INTO fact_evidences VALUES('353dad72-d20d-4611-8eb0-e19950537c47','8f05a470-ae91-4887-b127-b754672cd242');
INSERT INTO fact_evidences VALUES('353dad72-d20d-4611-8eb0-e19950537c47','666fc675-0beb-4a32-a54d-3c624d8e636f');
INSERT INTO fact_evidences VALUES('353dad72-d20d-4611-8eb0-e19950537c47','18157ca5-7b50-4dea-952a-bcf832ac2587');
INSERT INTO fact_evidences VALUES('353dad72-d20d-4611-8eb0-e19950537c47','b16c978e-702c-4ef3-9c7f-a08be56e0a25');
INSERT INTO fact_evidences VALUES('353dad72-d20d-4611-8eb0-e19950537c47','7f5ddf88-745b-4cb8-93c7-979af7ab64d4');
INSERT INTO fact_evidences VALUES('353dad72-d20d-4611-8eb0-e19950537c47','33f71961-5121-46ef-8b48-37806cb25ac0');
INSERT INTO fact_evidences VALUES('353dad72-d20d-4611-8eb0-e19950537c47','2f31b5b1-37ac-496d-b681-fed83ef28882');
INSERT INTO fact_evidences VALUES('353dad72-d20d-4611-8eb0-e19950537c47','ea52afd9-bbf1-4eb1-9d65-b58bb146f022');
INSERT INTO fact_evidences VALUES('353dad72-d20d-4611-8eb0-e19950537c47','6f89fd51-034d-4536-b254-41c1cd416822');
INSERT INTO fact_evidences VALUES('353dad72-d20d-4611-8eb0-e19950537c47','23f13312-e90a-437a-b5de-19de2428f1ca');
INSERT INTO fact_evidences VALUES('353dad72-d20d-4611-8eb0-e19950537c47','0c8e40b3-7c5f-49b6-9e39-0d11ced0ef93');
INSERT INTO fact_evidences VALUES('353dad72-d20d-4611-8eb0-e19950537c47','5e7c8568-5170-46d9-97ec-9c5526b4ee47');
INSERT INTO fact_evidences VALUES('4a7f83a9-73eb-4e9b-a30d-dd45790d06fc','5c96f755-93eb-49aa-bc78-e622effd1ac4');
INSERT INTO fact_evidences VALUES('4a7f83a9-73eb-4e9b-a30d-dd45790d06fc','a2888896-3fda-47c3-8c62-937e6da3c5f0');
INSERT INTO fact_evidences VALUES('4a7f83a9-73eb-4e9b-a30d-dd45790d06fc','6b273575-2eec-4afc-8370-a2267f65bccd');
INSERT INTO fact_evidences VALUES('4a7f83a9-73eb-4e9b-a30d-dd45790d06fc','87f65db2-b498-4911-9027-d7005dcf2c84');
INSERT INTO fact_evidences VALUES('4a7f83a9-73eb-4e9b-a30d-dd45790d06fc','b23e86d9-8de2-46f0-9cc5-15f2e05661c8');
INSERT INTO fact_evidences VALUES('4a7f83a9-73eb-4e9b-a30d-dd45790d06fc','8f05a470-ae91-4887-b127-b754672cd242');
INSERT INTO fact_evidences VALUES('4a7f83a9-73eb-4e9b-a30d-dd45790d06fc','666fc675-0beb-4a32-a54d-3c624d8e636f');
INSERT INTO fact_evidences VALUES('4a7f83a9-73eb-4e9b-a30d-dd45790d06fc','18157ca5-7b50-4dea-952a-bcf832ac2587');
INSERT INTO fact_evidences VALUES('4a7f83a9-73eb-4e9b-a30d-dd45790d06fc','b16c978e-702c-4ef3-9c7f-a08be56e0a25');
INSERT INTO fact_evidences VALUES('4a7f83a9-73eb-4e9b-a30d-dd45790d06fc','7f5ddf88-745b-4cb8-93c7-979af7ab64d4');
INSERT INTO fact_evidences VALUES('4a7f83a9-73eb-4e9b-a30d-dd45790d06fc','33f71961-5121-46ef-8b48-37806cb25ac0');
INSERT INTO fact_evidences VALUES('4a7f83a9-73eb-4e9b-a30d-dd45790d06fc','2f31b5b1-37ac-496d-b681-fed83ef28882');
INSERT INTO fact_evidences VALUES('4a7f83a9-73eb-4e9b-a30d-dd45790d06fc','ea52afd9-bbf1-4eb1-9d65-b58bb146f022');
INSERT INTO fact_evidences VALUES('4a7f83a9-73eb-4e9b-a30d-dd45790d06fc','6f89fd51-034d-4536-b254-41c1cd416822');
INSERT INTO fact_evidences VALUES('4a7f83a9-73eb-4e9b-a30d-dd45790d06fc','23f13312-e90a-437a-b5de-19de2428f1ca');
INSERT INTO fact_evidences VALUES('4a7f83a9-73eb-4e9b-a30d-dd45790d06fc','0c8e40b3-7c5f-49b6-9e39-0d11ced0ef93');
INSERT INTO fact_evidences VALUES('4a7f83a9-73eb-4e9b-a30d-dd45790d06fc','5e7c8568-5170-46d9-97ec-9c5526b4ee47');
INSERT INTO fact_evidences VALUES('5330d269-8673-4252-ad5c-d992a27a3981','5c96f755-93eb-49aa-bc78-e622effd1ac4');
INSERT INTO fact_evidences VALUES('5330d269-8673-4252-ad5c-d992a27a3981','a2888896-3fda-47c3-8c62-937e6da3c5f0');
INSERT INTO fact_evidences VALUES('5330d269-8673-4252-ad5c-d992a27a3981','6b273575-2eec-4afc-8370-a2267f65bccd');
INSERT INTO fact_evidences VALUES('5330d269-8673-4252-ad5c-d992a27a3981','87f65db2-b498-4911-9027-d7005dcf2c84');
INSERT INTO fact_evidences VALUES('5330d269-8673-4252-ad5c-d992a27a3981','b23e86d9-8de2-46f0-9cc5-15f2e05661c8');
INSERT INTO fact_evidences VALUES('5330d269-8673-4252-ad5c-d992a27a3981','8f05a470-ae91-4887-b127-b754672cd242');
INSERT INTO fact_evidences VALUES('5330d269-8673-4252-ad5c-d992a27a3981','666fc675-0beb-4a32-a54d-3c624d8e636f');
INSERT INTO fact_evidences VALUES('5330d269-8673-4252-ad5c-d992a27a3981','18157ca5-7b50-4dea-952a-bcf832ac2587');
INSERT INTO fact_evidences VALUES('5330d269-8673-4252-ad5c-d992a27a3981','b16c978e-702c-4ef3-9c7f-a08be56e0a25');
INSERT INTO fact_evidences VALUES('5330d269-8673-4252-ad5c-d992a27a3981','7f5ddf88-745b-4cb8-93c7-979af7ab64d4');
INSERT INTO fact_evidences VALUES('5330d269-8673-4252-ad5c-d992a27a3981','33f71961-5121-46ef-8b48-37806cb25ac0');
INSERT INTO fact_evidences VALUES('5330d269-8673-4252-ad5c-d992a27a3981','2f31b5b1-37ac-496d-b681-fed83ef28882');
INSERT INTO fact_evidences VALUES('5330d269-8673-4252-ad5c-d992a27a3981','ea52afd9-bbf1-4eb1-9d65-b58bb146f022');
INSERT INTO fact_evidences VALUES('5330d269-8673-4252-ad5c-d992a27a3981','6f89fd51-034d-4536-b254-41c1cd416822');
INSERT INTO fact_evidences VALUES('5330d269-8673-4252-ad5c-d992a27a3981','23f13312-e90a-437a-b5de-19de2428f1ca');
INSERT INTO fact_evidences VALUES('5330d269-8673-4252-ad5c-d992a27a3981','0c8e40b3-7c5f-49b6-9e39-0d11ced0ef93');
INSERT INTO fact_evidences VALUES('5330d269-8673-4252-ad5c-d992a27a3981','5e7c8568-5170-46d9-97ec-9c5526b4ee47');
INSERT INTO fact_evidences VALUES('7cda9a2f-1535-405e-a69b-38d55eb84cd0','5c96f755-93eb-49aa-bc78-e622effd1ac4');
INSERT INTO fact_evidences VALUES('7cda9a2f-1535-405e-a69b-38d55eb84cd0','a2888896-3fda-47c3-8c62-937e6da3c5f0');
INSERT INTO fact_evidences VALUES('7cda9a2f-1535-405e-a69b-38d55eb84cd0','6b273575-2eec-4afc-8370-a2267f65bccd');
INSERT INTO fact_evidences VALUES('7cda9a2f-1535-405e-a69b-38d55eb84cd0','87f65db2-b498-4911-9027-d7005dcf2c84');
INSERT INTO fact_evidences VALUES('7cda9a2f-1535-405e-a69b-38d55eb84cd0','b23e86d9-8de2-46f0-9cc5-15f2e05661c8');
INSERT INTO fact_evidences VALUES('7cda9a2f-1535-405e-a69b-38d55eb84cd0','8f05a470-ae91-4887-b127-b754672cd242');
INSERT INTO fact_evidences VALUES('7cda9a2f-1535-405e-a69b-38d55eb84cd0','666fc675-0beb-4a32-a54d-3c624d8e636f');
INSERT INTO fact_evidences VALUES('7cda9a2f-1535-405e-a69b-38d55eb84cd0','18157ca5-7b50-4dea-952a-bcf832ac2587');
INSERT INTO fact_evidences VALUES('7cda9a2f-1535-405e-a69b-38d55eb84cd0','b16c978e-702c-4ef3-9c7f-a08be56e0a25');
INSERT INTO fact_evidences VALUES('7cda9a2f-1535-405e-a69b-38d55eb84cd0','7f5ddf88-745b-4cb8-93c7-979af7ab64d4');
INSERT INTO fact_evidences VALUES('7cda9a2f-1535-405e-a69b-38d55eb84cd0','33f71961-5121-46ef-8b48-37806cb25ac0');
INSERT INTO fact_evidences VALUES('7cda9a2f-1535-405e-a69b-38d55eb84cd0','2f31b5b1-37ac-496d-b681-fed83ef28882');
INSERT INTO fact_evidences VALUES('7cda9a2f-1535-405e-a69b-38d55eb84cd0','ea52afd9-bbf1-4eb1-9d65-b58bb146f022');
INSERT INTO fact_evidences VALUES('7cda9a2f-1535-405e-a69b-38d55eb84cd0','6f89fd51-034d-4536-b254-41c1cd416822');
INSERT INTO fact_evidences VALUES('7cda9a2f-1535-405e-a69b-38d55eb84cd0','23f13312-e90a-437a-b5de-19de2428f1ca');
INSERT INTO fact_evidences VALUES('7cda9a2f-1535-405e-a69b-38d55eb84cd0','0c8e40b3-7c5f-49b6-9e39-0d11ced0ef93');
INSERT INTO fact_evidences VALUES('7cda9a2f-1535-405e-a69b-38d55eb84cd0','5e7c8568-5170-46d9-97ec-9c5526b4ee47');
INSERT INTO fact_evidences VALUES('521a12bd-c7cd-4296-9d1a-756ed7a92ef8','5c96f755-93eb-49aa-bc78-e622effd1ac4');
INSERT INTO fact_evidences VALUES('521a12bd-c7cd-4296-9d1a-756ed7a92ef8','a2888896-3fda-47c3-8c62-937e6da3c5f0');
INSERT INTO fact_evidences VALUES('521a12bd-c7cd-4296-9d1a-756ed7a92ef8','6b273575-2eec-4afc-8370-a2267f65bccd');
INSERT INTO fact_evidences VALUES('521a12bd-c7cd-4296-9d1a-756ed7a92ef8','87f65db2-b498-4911-9027-d7005dcf2c84');
INSERT INTO fact_evidences VALUES('521a12bd-c7cd-4296-9d1a-756ed7a92ef8','b23e86d9-8de2-46f0-9cc5-15f2e05661c8');
INSERT INTO fact_evidences VALUES('521a12bd-c7cd-4296-9d1a-756ed7a92ef8','8f05a470-ae91-4887-b127-b754672cd242');
INSERT INTO fact_evidences VALUES('521a12bd-c7cd-4296-9d1a-756ed7a92ef8','666fc675-0beb-4a32-a54d-3c624d8e636f');
INSERT INTO fact_evidences VALUES('521a12bd-c7cd-4296-9d1a-756ed7a92ef8','18157ca5-7b50-4dea-952a-bcf832ac2587');
INSERT INTO fact_evidences VALUES('521a12bd-c7cd-4296-9d1a-756ed7a92ef8','b16c978e-702c-4ef3-9c7f-a08be56e0a25');
INSERT INTO fact_evidences VALUES('521a12bd-c7cd-4296-9d1a-756ed7a92ef8','7f5ddf88-745b-4cb8-93c7-979af7ab64d4');
INSERT INTO fact_evidences VALUES('521a12bd-c7cd-4296-9d1a-756ed7a92ef8','33f71961-5121-46ef-8b48-37806cb25ac0');
INSERT INTO fact_evidences VALUES('521a12bd-c7cd-4296-9d1a-756ed7a92ef8','2f31b5b1-37ac-496d-b681-fed83ef28882');
INSERT INTO fact_evidences VALUES('521a12bd-c7cd-4296-9d1a-756ed7a92ef8','ea52afd9-bbf1-4eb1-9d65-b58bb146f022');
INSERT INTO fact_evidences VALUES('521a12bd-c7cd-4296-9d1a-756ed7a92ef8','6f89fd51-034d-4536-b254-41c1cd416822');
INSERT INTO fact_evidences VALUES('521a12bd-c7cd-4296-9d1a-756ed7a92ef8','23f13312-e90a-437a-b5de-19de2428f1ca');
INSERT INTO fact_evidences VALUES('521a12bd-c7cd-4296-9d1a-756ed7a92ef8','0c8e40b3-7c5f-49b6-9e39-0d11ced0ef93');
INSERT INTO fact_evidences VALUES('521a12bd-c7cd-4296-9d1a-756ed7a92ef8','5e7c8568-5170-46d9-97ec-9c5526b4ee47');
INSERT INTO fact_evidences VALUES('c494cb7b-1235-4409-b87f-d1284525164e','5c96f755-93eb-49aa-bc78-e622effd1ac4');
INSERT INTO fact_evidences VALUES('c494cb7b-1235-4409-b87f-d1284525164e','a2888896-3fda-47c3-8c62-937e6da3c5f0');
INSERT INTO fact_evidences VALUES('c494cb7b-1235-4409-b87f-d1284525164e','6b273575-2eec-4afc-8370-a2267f65bccd');
INSERT INTO fact_evidences VALUES('c494cb7b-1235-4409-b87f-d1284525164e','87f65db2-b498-4911-9027-d7005dcf2c84');
INSERT INTO fact_evidences VALUES('c494cb7b-1235-4409-b87f-d1284525164e','b23e86d9-8de2-46f0-9cc5-15f2e05661c8');
INSERT INTO fact_evidences VALUES('c494cb7b-1235-4409-b87f-d1284525164e','8f05a470-ae91-4887-b127-b754672cd242');
INSERT INTO fact_evidences VALUES('c494cb7b-1235-4409-b87f-d1284525164e','666fc675-0beb-4a32-a54d-3c624d8e636f');
INSERT INTO fact_evidences VALUES('c494cb7b-1235-4409-b87f-d1284525164e','18157ca5-7b50-4dea-952a-bcf832ac2587');
INSERT INTO fact_evidences VALUES('c494cb7b-1235-4409-b87f-d1284525164e','b16c978e-702c-4ef3-9c7f-a08be56e0a25');
INSERT INTO fact_evidences VALUES('c494cb7b-1235-4409-b87f-d1284525164e','7f5ddf88-745b-4cb8-93c7-979af7ab64d4');
INSERT INTO fact_evidences VALUES('c494cb7b-1235-4409-b87f-d1284525164e','33f71961-5121-46ef-8b48-37806cb25ac0');
INSERT INTO fact_evidences VALUES('c494cb7b-1235-4409-b87f-d1284525164e','2f31b5b1-37ac-496d-b681-fed83ef28882');
INSERT INTO fact_evidences VALUES('c494cb7b-1235-4409-b87f-d1284525164e','ea52afd9-bbf1-4eb1-9d65-b58bb146f022');
INSERT INTO fact_evidences VALUES('c494cb7b-1235-4409-b87f-d1284525164e','6f89fd51-034d-4536-b254-41c1cd416822');
INSERT INTO fact_evidences VALUES('c494cb7b-1235-4409-b87f-d1284525164e','23f13312-e90a-437a-b5de-19de2428f1ca');
INSERT INTO fact_evidences VALUES('c494cb7b-1235-4409-b87f-d1284525164e','0c8e40b3-7c5f-49b6-9e39-0d11ced0ef93');
INSERT INTO fact_evidences VALUES('c494cb7b-1235-4409-b87f-d1284525164e','5e7c8568-5170-46d9-97ec-9c5526b4ee47');
INSERT INTO fact_evidences VALUES('a1e8b1eb-81e1-4dc0-a188-c511b50e2adb','5c96f755-93eb-49aa-bc78-e622effd1ac4');
INSERT INTO fact_evidences VALUES('a1e8b1eb-81e1-4dc0-a188-c511b50e2adb','a2888896-3fda-47c3-8c62-937e6da3c5f0');
INSERT INTO fact_evidences VALUES('a1e8b1eb-81e1-4dc0-a188-c511b50e2adb','6b273575-2eec-4afc-8370-a2267f65bccd');
INSERT INTO fact_evidences VALUES('a1e8b1eb-81e1-4dc0-a188-c511b50e2adb','87f65db2-b498-4911-9027-d7005dcf2c84');
INSERT INTO fact_evidences VALUES('a1e8b1eb-81e1-4dc0-a188-c511b50e2adb','b23e86d9-8de2-46f0-9cc5-15f2e05661c8');
INSERT INTO fact_evidences VALUES('a1e8b1eb-81e1-4dc0-a188-c511b50e2adb','8f05a470-ae91-4887-b127-b754672cd242');
INSERT INTO fact_evidences VALUES('a1e8b1eb-81e1-4dc0-a188-c511b50e2adb','666fc675-0beb-4a32-a54d-3c624d8e636f');
INSERT INTO fact_evidences VALUES('a1e8b1eb-81e1-4dc0-a188-c511b50e2adb','18157ca5-7b50-4dea-952a-bcf832ac2587');
INSERT INTO fact_evidences VALUES('a1e8b1eb-81e1-4dc0-a188-c511b50e2adb','b16c978e-702c-4ef3-9c7f-a08be56e0a25');
INSERT INTO fact_evidences VALUES('a1e8b1eb-81e1-4dc0-a188-c511b50e2adb','7f5ddf88-745b-4cb8-93c7-979af7ab64d4');
INSERT INTO fact_evidences VALUES('a1e8b1eb-81e1-4dc0-a188-c511b50e2adb','33f71961-5121-46ef-8b48-37806cb25ac0');
INSERT INTO fact_evidences VALUES('a1e8b1eb-81e1-4dc0-a188-c511b50e2adb','2f31b5b1-37ac-496d-b681-fed83ef28882');
INSERT INTO fact_evidences VALUES('a1e8b1eb-81e1-4dc0-a188-c511b50e2adb','ea52afd9-bbf1-4eb1-9d65-b58bb146f022');
INSERT INTO fact_evidences VALUES('a1e8b1eb-81e1-4dc0-a188-c511b50e2adb','6f89fd51-034d-4536-b254-41c1cd416822');
INSERT INTO fact_evidences VALUES('a1e8b1eb-81e1-4dc0-a188-c511b50e2adb','23f13312-e90a-437a-b5de-19de2428f1ca');
INSERT INTO fact_evidences VALUES('a1e8b1eb-81e1-4dc0-a188-c511b50e2adb','0c8e40b3-7c5f-49b6-9e39-0d11ced0ef93');
INSERT INTO fact_evidences VALUES('a1e8b1eb-81e1-4dc0-a188-c511b50e2adb','5e7c8568-5170-46d9-97ec-9c5526b4ee47');
INSERT INTO fact_evidences VALUES('29711ec4-906a-402a-b504-b8847683621d','90902163-ef33-403c-85a4-23213d8cf4ca');
INSERT INTO fact_evidences VALUES('29711ec4-906a-402a-b504-b8847683621d','075b323d-c417-481b-8565-13c7df1a34d7');
INSERT INTO fact_evidences VALUES('29711ec4-906a-402a-b504-b8847683621d','1de74d0e-ce1e-425c-9ed4-8a1cd6ee2551');
INSERT INTO fact_evidences VALUES('29711ec4-906a-402a-b504-b8847683621d','dfbf1c22-15c8-4338-9ca3-a68884794594');
INSERT INTO fact_evidences VALUES('29711ec4-906a-402a-b504-b8847683621d','cd2bd358-6a2a-4833-a473-b7e7a5c1d070');
INSERT INTO fact_evidences VALUES('29711ec4-906a-402a-b504-b8847683621d','c1fc8f61-14ad-40ea-9299-117400bd875c');
INSERT INTO fact_evidences VALUES('29711ec4-906a-402a-b504-b8847683621d','62c58876-5cc3-4958-b464-fcaa5847d5ea');
INSERT INTO fact_evidences VALUES('29711ec4-906a-402a-b504-b8847683621d','7dfa3a87-fa41-429a-92c2-1396f079a67c');
INSERT INTO fact_evidences VALUES('29711ec4-906a-402a-b504-b8847683621d','75169e39-0d71-40c2-affb-77a012316483');
INSERT INTO fact_evidences VALUES('f4c31acb-8cb0-4cec-8020-9a7cd93e3a15','90902163-ef33-403c-85a4-23213d8cf4ca');
INSERT INTO fact_evidences VALUES('f4c31acb-8cb0-4cec-8020-9a7cd93e3a15','075b323d-c417-481b-8565-13c7df1a34d7');
INSERT INTO fact_evidences VALUES('f4c31acb-8cb0-4cec-8020-9a7cd93e3a15','1de74d0e-ce1e-425c-9ed4-8a1cd6ee2551');
INSERT INTO fact_evidences VALUES('f4c31acb-8cb0-4cec-8020-9a7cd93e3a15','dfbf1c22-15c8-4338-9ca3-a68884794594');
INSERT INTO fact_evidences VALUES('f4c31acb-8cb0-4cec-8020-9a7cd93e3a15','cd2bd358-6a2a-4833-a473-b7e7a5c1d070');
INSERT INTO fact_evidences VALUES('f4c31acb-8cb0-4cec-8020-9a7cd93e3a15','c1fc8f61-14ad-40ea-9299-117400bd875c');
INSERT INTO fact_evidences VALUES('f4c31acb-8cb0-4cec-8020-9a7cd93e3a15','62c58876-5cc3-4958-b464-fcaa5847d5ea');
INSERT INTO fact_evidences VALUES('f4c31acb-8cb0-4cec-8020-9a7cd93e3a15','7dfa3a87-fa41-429a-92c2-1396f079a67c');
INSERT INTO fact_evidences VALUES('f4c31acb-8cb0-4cec-8020-9a7cd93e3a15','75169e39-0d71-40c2-affb-77a012316483');
INSERT INTO fact_evidences VALUES('d6487d84-ccc3-4860-aefe-87d6166cb77e','90902163-ef33-403c-85a4-23213d8cf4ca');
INSERT INTO fact_evidences VALUES('d6487d84-ccc3-4860-aefe-87d6166cb77e','075b323d-c417-481b-8565-13c7df1a34d7');
INSERT INTO fact_evidences VALUES('d6487d84-ccc3-4860-aefe-87d6166cb77e','1de74d0e-ce1e-425c-9ed4-8a1cd6ee2551');
INSERT INTO fact_evidences VALUES('d6487d84-ccc3-4860-aefe-87d6166cb77e','dfbf1c22-15c8-4338-9ca3-a68884794594');
INSERT INTO fact_evidences VALUES('d6487d84-ccc3-4860-aefe-87d6166cb77e','cd2bd358-6a2a-4833-a473-b7e7a5c1d070');
INSERT INTO fact_evidences VALUES('d6487d84-ccc3-4860-aefe-87d6166cb77e','c1fc8f61-14ad-40ea-9299-117400bd875c');
INSERT INTO fact_evidences VALUES('d6487d84-ccc3-4860-aefe-87d6166cb77e','62c58876-5cc3-4958-b464-fcaa5847d5ea');
INSERT INTO fact_evidences VALUES('d6487d84-ccc3-4860-aefe-87d6166cb77e','7dfa3a87-fa41-429a-92c2-1396f079a67c');
INSERT INTO fact_evidences VALUES('d6487d84-ccc3-4860-aefe-87d6166cb77e','75169e39-0d71-40c2-affb-77a012316483');
INSERT INTO fact_evidences VALUES('f625b224-d344-4504-bccf-dbfaefd1a619','90902163-ef33-403c-85a4-23213d8cf4ca');
INSERT INTO fact_evidences VALUES('f625b224-d344-4504-bccf-dbfaefd1a619','075b323d-c417-481b-8565-13c7df1a34d7');
INSERT INTO fact_evidences VALUES('f625b224-d344-4504-bccf-dbfaefd1a619','1de74d0e-ce1e-425c-9ed4-8a1cd6ee2551');
INSERT INTO fact_evidences VALUES('f625b224-d344-4504-bccf-dbfaefd1a619','dfbf1c22-15c8-4338-9ca3-a68884794594');
INSERT INTO fact_evidences VALUES('f625b224-d344-4504-bccf-dbfaefd1a619','cd2bd358-6a2a-4833-a473-b7e7a5c1d070');
INSERT INTO fact_evidences VALUES('f625b224-d344-4504-bccf-dbfaefd1a619','c1fc8f61-14ad-40ea-9299-117400bd875c');
INSERT INTO fact_evidences VALUES('f625b224-d344-4504-bccf-dbfaefd1a619','62c58876-5cc3-4958-b464-fcaa5847d5ea');
INSERT INTO fact_evidences VALUES('f625b224-d344-4504-bccf-dbfaefd1a619','7dfa3a87-fa41-429a-92c2-1396f079a67c');
INSERT INTO fact_evidences VALUES('f625b224-d344-4504-bccf-dbfaefd1a619','75169e39-0d71-40c2-affb-77a012316483');
INSERT INTO fact_evidences VALUES('455826fc-56c2-46e3-9071-196b9f3006a8','90902163-ef33-403c-85a4-23213d8cf4ca');
INSERT INTO fact_evidences VALUES('455826fc-56c2-46e3-9071-196b9f3006a8','075b323d-c417-481b-8565-13c7df1a34d7');
INSERT INTO fact_evidences VALUES('455826fc-56c2-46e3-9071-196b9f3006a8','1de74d0e-ce1e-425c-9ed4-8a1cd6ee2551');
INSERT INTO fact_evidences VALUES('455826fc-56c2-46e3-9071-196b9f3006a8','dfbf1c22-15c8-4338-9ca3-a68884794594');
INSERT INTO fact_evidences VALUES('455826fc-56c2-46e3-9071-196b9f3006a8','cd2bd358-6a2a-4833-a473-b7e7a5c1d070');
INSERT INTO fact_evidences VALUES('455826fc-56c2-46e3-9071-196b9f3006a8','c1fc8f61-14ad-40ea-9299-117400bd875c');
INSERT INTO fact_evidences VALUES('455826fc-56c2-46e3-9071-196b9f3006a8','62c58876-5cc3-4958-b464-fcaa5847d5ea');
INSERT INTO fact_evidences VALUES('455826fc-56c2-46e3-9071-196b9f3006a8','7dfa3a87-fa41-429a-92c2-1396f079a67c');
INSERT INTO fact_evidences VALUES('455826fc-56c2-46e3-9071-196b9f3006a8','75169e39-0d71-40c2-affb-77a012316483');
INSERT INTO fact_evidences VALUES('3c2841a2-9dd3-4a8a-bee1-a30793051ee0','90902163-ef33-403c-85a4-23213d8cf4ca');
INSERT INTO fact_evidences VALUES('3c2841a2-9dd3-4a8a-bee1-a30793051ee0','075b323d-c417-481b-8565-13c7df1a34d7');
INSERT INTO fact_evidences VALUES('3c2841a2-9dd3-4a8a-bee1-a30793051ee0','1de74d0e-ce1e-425c-9ed4-8a1cd6ee2551');
INSERT INTO fact_evidences VALUES('3c2841a2-9dd3-4a8a-bee1-a30793051ee0','dfbf1c22-15c8-4338-9ca3-a68884794594');
INSERT INTO fact_evidences VALUES('3c2841a2-9dd3-4a8a-bee1-a30793051ee0','cd2bd358-6a2a-4833-a473-b7e7a5c1d070');
INSERT INTO fact_evidences VALUES('3c2841a2-9dd3-4a8a-bee1-a30793051ee0','c1fc8f61-14ad-40ea-9299-117400bd875c');
INSERT INTO fact_evidences VALUES('3c2841a2-9dd3-4a8a-bee1-a30793051ee0','62c58876-5cc3-4958-b464-fcaa5847d5ea');
INSERT INTO fact_evidences VALUES('3c2841a2-9dd3-4a8a-bee1-a30793051ee0','7dfa3a87-fa41-429a-92c2-1396f079a67c');
INSERT INTO fact_evidences VALUES('3c2841a2-9dd3-4a8a-bee1-a30793051ee0','75169e39-0d71-40c2-affb-77a012316483');
INSERT INTO fact_evidences VALUES('6aef6d56-933c-4354-b0e2-d39e072f64c9','17c35e34-54ec-4501-9158-c64dd08be219');
INSERT INTO fact_evidences VALUES('6aef6d56-933c-4354-b0e2-d39e072f64c9','45b44845-a359-4aa3-b00a-642911850689');
INSERT INTO fact_evidences VALUES('6aef6d56-933c-4354-b0e2-d39e072f64c9','d75e1a6b-da35-4e64-b641-a350a1a0c8d9');
INSERT INTO fact_evidences VALUES('6aef6d56-933c-4354-b0e2-d39e072f64c9','9af1c7ad-f4f2-4f64-9f63-ae54f86700f6');
INSERT INTO fact_evidences VALUES('6aef6d56-933c-4354-b0e2-d39e072f64c9','ad28b418-3183-486a-b9bb-95e86a4ad294');
INSERT INTO fact_evidences VALUES('6aef6d56-933c-4354-b0e2-d39e072f64c9','c301c1d0-22df-414f-ac37-8a98e534fd66');
INSERT INTO fact_evidences VALUES('6aef6d56-933c-4354-b0e2-d39e072f64c9','cb0a8092-72ac-4f9e-9385-2f0d867ea158');
INSERT INTO fact_evidences VALUES('6aef6d56-933c-4354-b0e2-d39e072f64c9','b11cf2e2-f61e-4537-a00b-8a61dca8e813');
INSERT INTO fact_evidences VALUES('6aef6d56-933c-4354-b0e2-d39e072f64c9','539dfa40-4443-451c-b3b0-bf10daefec7c');
INSERT INTO fact_evidences VALUES('3c6c64d1-a55e-4ba4-a9de-5b35c5432fc2','17c35e34-54ec-4501-9158-c64dd08be219');
INSERT INTO fact_evidences VALUES('3c6c64d1-a55e-4ba4-a9de-5b35c5432fc2','45b44845-a359-4aa3-b00a-642911850689');
INSERT INTO fact_evidences VALUES('3c6c64d1-a55e-4ba4-a9de-5b35c5432fc2','d75e1a6b-da35-4e64-b641-a350a1a0c8d9');
INSERT INTO fact_evidences VALUES('3c6c64d1-a55e-4ba4-a9de-5b35c5432fc2','9af1c7ad-f4f2-4f64-9f63-ae54f86700f6');
INSERT INTO fact_evidences VALUES('3c6c64d1-a55e-4ba4-a9de-5b35c5432fc2','ad28b418-3183-486a-b9bb-95e86a4ad294');
INSERT INTO fact_evidences VALUES('3c6c64d1-a55e-4ba4-a9de-5b35c5432fc2','c301c1d0-22df-414f-ac37-8a98e534fd66');
INSERT INTO fact_evidences VALUES('3c6c64d1-a55e-4ba4-a9de-5b35c5432fc2','cb0a8092-72ac-4f9e-9385-2f0d867ea158');
INSERT INTO fact_evidences VALUES('3c6c64d1-a55e-4ba4-a9de-5b35c5432fc2','b11cf2e2-f61e-4537-a00b-8a61dca8e813');
INSERT INTO fact_evidences VALUES('3c6c64d1-a55e-4ba4-a9de-5b35c5432fc2','539dfa40-4443-451c-b3b0-bf10daefec7c');
INSERT INTO fact_evidences VALUES('af2182a3-5830-4fd0-89be-237c26cd295e','17c35e34-54ec-4501-9158-c64dd08be219');
INSERT INTO fact_evidences VALUES('af2182a3-5830-4fd0-89be-237c26cd295e','45b44845-a359-4aa3-b00a-642911850689');
INSERT INTO fact_evidences VALUES('af2182a3-5830-4fd0-89be-237c26cd295e','d75e1a6b-da35-4e64-b641-a350a1a0c8d9');
INSERT INTO fact_evidences VALUES('af2182a3-5830-4fd0-89be-237c26cd295e','9af1c7ad-f4f2-4f64-9f63-ae54f86700f6');
INSERT INTO fact_evidences VALUES('af2182a3-5830-4fd0-89be-237c26cd295e','ad28b418-3183-486a-b9bb-95e86a4ad294');
INSERT INTO fact_evidences VALUES('af2182a3-5830-4fd0-89be-237c26cd295e','c301c1d0-22df-414f-ac37-8a98e534fd66');
INSERT INTO fact_evidences VALUES('af2182a3-5830-4fd0-89be-237c26cd295e','cb0a8092-72ac-4f9e-9385-2f0d867ea158');
INSERT INTO fact_evidences VALUES('af2182a3-5830-4fd0-89be-237c26cd295e','b11cf2e2-f61e-4537-a00b-8a61dca8e813');
INSERT INTO fact_evidences VALUES('af2182a3-5830-4fd0-89be-237c26cd295e','539dfa40-4443-451c-b3b0-bf10daefec7c');
INSERT INTO fact_evidences VALUES('8b7fe56e-fa9a-4626-8908-013b524be34f','17c35e34-54ec-4501-9158-c64dd08be219');
INSERT INTO fact_evidences VALUES('8b7fe56e-fa9a-4626-8908-013b524be34f','45b44845-a359-4aa3-b00a-642911850689');
INSERT INTO fact_evidences VALUES('8b7fe56e-fa9a-4626-8908-013b524be34f','d75e1a6b-da35-4e64-b641-a350a1a0c8d9');
INSERT INTO fact_evidences VALUES('8b7fe56e-fa9a-4626-8908-013b524be34f','9af1c7ad-f4f2-4f64-9f63-ae54f86700f6');
INSERT INTO fact_evidences VALUES('8b7fe56e-fa9a-4626-8908-013b524be34f','ad28b418-3183-486a-b9bb-95e86a4ad294');
INSERT INTO fact_evidences VALUES('8b7fe56e-fa9a-4626-8908-013b524be34f','c301c1d0-22df-414f-ac37-8a98e534fd66');
INSERT INTO fact_evidences VALUES('8b7fe56e-fa9a-4626-8908-013b524be34f','cb0a8092-72ac-4f9e-9385-2f0d867ea158');
INSERT INTO fact_evidences VALUES('8b7fe56e-fa9a-4626-8908-013b524be34f','b11cf2e2-f61e-4537-a00b-8a61dca8e813');
INSERT INTO fact_evidences VALUES('8b7fe56e-fa9a-4626-8908-013b524be34f','539dfa40-4443-451c-b3b0-bf10daefec7c');
INSERT INTO fact_evidences VALUES('017a75fa-3144-4813-9100-feae17b008fe','a1f5dc39-49a9-416b-862d-55569258b40a');
INSERT INTO fact_evidences VALUES('017a75fa-3144-4813-9100-feae17b008fe','4030ba69-d2c0-41a5-8277-2305e16ba2e4');
INSERT INTO fact_evidences VALUES('017a75fa-3144-4813-9100-feae17b008fe','fabeaefd-aa5e-456f-99f3-bbd111008142');
INSERT INTO fact_evidences VALUES('017a75fa-3144-4813-9100-feae17b008fe','97bd447c-bb36-41d5-92d9-a94cbc461232');
INSERT INTO fact_evidences VALUES('017a75fa-3144-4813-9100-feae17b008fe','a275cbc1-9ae6-4438-8d2e-2632ad50773c');
INSERT INTO fact_evidences VALUES('017a75fa-3144-4813-9100-feae17b008fe','a27e5647-fd32-40ec-983d-c009a35a3d2e');
INSERT INTO fact_evidences VALUES('017a75fa-3144-4813-9100-feae17b008fe','2a05939a-5748-4de5-9ec4-46438870c0d9');
INSERT INTO fact_evidences VALUES('7e985961-0a2e-4ce5-b312-5662b3e3c3ef','a1f5dc39-49a9-416b-862d-55569258b40a');
CREATE TABLE life_timeline (
      id TEXT PRIMARY KEY,
      user_id TEXT NOT NULL,
      event_year INTEGER NOT NULL,
      event_month INTEGER,
      event_day INTEGER,
      age_at_event INTEGER,
      event_description TEXT NOT NULL,
      visibility TEXT NOT NULL DEFAULT 'private' CHECK(visibility IN ('public', 'private')),
      source TEXT NOT NULL DEFAULT 'interview' CHECK(source IN ('import', 'interview')),
      created_at TEXT NOT NULL DEFAULT CURRENT_TIMESTAMP,
      updated_at TEXT NOT NULL DEFAULT CURRENT_TIMESTAMP,
      FOREIGN KEY (user_id) REFERENCES users(id) ON DELETE CASCADE
    );
INSERT INTO life_timeline VALUES('14573933-f333-4c11-812a-14022ecfce9c','local_default_user',2017,9,NULL,NULL,'トレンダーズ株式会社（現株式会社Anny）にてソーシャルギフトサービスの開発に従事','private','import','2026-05-24 09:39:52','2026-05-24 09:39:52');
INSERT INTO life_timeline VALUES('b2df9d1f-86fa-486b-a5cc-79fd7c5b8663','local_default_user',2017,12,NULL,NULL,'トレンダーズ株式会社での契約終了','private','import','2026-05-24 09:39:52','2026-05-24 09:39:52');
INSERT INTO life_timeline VALUES('a937783d-0a63-4ca5-ac38-632eb35a666b','local_default_user',2018,2,NULL,NULL,'OL株式会社にて士業向けファイル共有ツールの開発に従事','private','import','2026-05-24 09:39:52','2026-05-24 09:39:52');
INSERT INTO life_timeline VALUES('71b52842-d077-425a-ad89-ff55871d82c9','local_default_user',2018,10,NULL,NULL,'OL株式会社での契約終了','private','import','2026-05-24 09:39:52','2026-05-24 09:39:52');
INSERT INTO life_timeline VALUES('cb7ee578-42b2-440f-8520-f4b7f90e1cc3','local_default_user',2018,4,NULL,NULL,'株式会社Wにて経営者・個人事業主向けツールの開発に従事','private','import','2026-05-24 09:39:52','2026-05-24 09:39:52');
INSERT INTO life_timeline VALUES('5bd4a953-b27b-46f4-a9a4-d83589c50fcb','local_default_user',2019,9,NULL,NULL,'株式会社Wでの契約終了','private','import','2026-05-24 09:39:52','2026-05-24 09:39:52');
INSERT INTO life_timeline VALUES('7d73ff1d-a014-414a-8a17-6e583007212d','local_default_user',2019,6,NULL,NULL,'有限会社Sにてフランチャイズ本部および加盟店向け新規システム開発に従事','private','import','2026-05-24 09:39:52','2026-05-24 09:39:52');
INSERT INTO life_timeline VALUES('6a5389de-277b-4121-8642-da6e8c5012af','local_default_user',2023,12,NULL,NULL,'有限会社Sでの契約終了','private','import','2026-05-24 09:39:52','2026-05-24 09:39:52');
INSERT INTO life_timeline VALUES('194116f3-74a0-40fd-8fed-0d38264526a6','local_default_user',2019,12,NULL,NULL,'株式会社Lにてイベント企画会社向け営業ツールの開発に従事','private','import','2026-05-24 09:39:52','2026-05-24 09:39:52');
INSERT INTO life_timeline VALUES('7d8b8613-fa74-4338-8809-e252f384050d','local_default_user',2020,3,NULL,NULL,'株式会社Lでの契約終了','private','import','2026-05-24 09:39:52','2026-05-24 09:39:52');
INSERT INTO life_timeline VALUES('99167e34-296a-4fda-8ce2-c719709497b2','local_default_user',2020,6,NULL,NULL,'A株式会社にて個人向け旅程立案アプリケーションの開発に従事','private','import','2026-05-24 09:39:52','2026-05-24 09:39:52');
INSERT INTO life_timeline VALUES('ad000c51-163a-4730-8f1e-64825e1208e6','local_default_user',2021,3,NULL,NULL,'A株式会社での契約終了','private','import','2026-05-24 09:39:52','2026-05-24 09:39:52');
INSERT INTO life_timeline VALUES('ab2eb24b-d360-4289-890f-16dba9cfc5e0','local_default_user',2024,1,NULL,NULL,'株式会社Sにて医療機関向けCRMおよびLINEミニアプリの開発に従事','private','import','2026-05-24 09:39:52','2026-05-24 09:39:52');
INSERT INTO life_timeline VALUES('e04ca0c0-0a92-4b70-a536-3599704b9205','local_default_user',2025,4,NULL,NULL,'株式会社Sでの契約終了','private','import','2026-05-24 09:39:52','2026-05-24 09:39:52');
INSERT INTO life_timeline VALUES('6bb87a82-971e-4aea-a108-1daf849678a9','local_default_user',2025,6,NULL,NULL,'リッチハニカム株式会社にてMEOサービス提供会社向けツールの開発に従事','private','import','2026-05-24 09:39:52','2026-05-24 09:39:52');
INSERT INTO life_timeline VALUES('65e6ddde-fc81-4b31-8462-94b1b32fe716','local_default_user',2025,7,NULL,NULL,'リッチハニカム株式会社での契約終了','private','import','2026-05-24 09:39:52','2026-05-24 09:39:52');
INSERT INTO life_timeline VALUES('c41dad19-0937-474c-8e51-800f0ac47608','local_default_user',2025,9,NULL,NULL,'オーアール・ラボ株式会社にて宿泊施設向け予約管理およびオートロック管理ツールの開発に従事','private','import','2026-05-24 09:39:52','2026-05-24 09:39:52');
INSERT INTO life_timeline VALUES('450ab305-07e2-4f43-8d11-8116c48b02fc','local_default_user',2025,12,NULL,NULL,'オーアール・ラボ株式会社での契約終了','private','import','2026-05-24 09:39:52','2026-05-24 09:39:52');
INSERT INTO life_timeline VALUES('2f279582-eb68-4605-a869-f3a7fe952516','local_default_user',2015,NULL,NULL,NULL,'高校卒業後、1年間浪人した','public','interview','2026-05-28 08:04:13','2026-05-28 08:04:13');
INSERT INTO life_timeline VALUES('d0bc3544-26c7-405c-a993-5e13a4e9f26c','local_default_user',2018,NULL,NULL,NULL,'キヤノンを退職した（推定）','public','interview','2026-05-28 08:04:13','2026-05-28 08:04:13');
INSERT INTO life_timeline VALUES('f3ba17d8-05bc-47d2-bb54-f92cd94d9271','local_default_user',2021,NULL,NULL,NULL,'自身の会社が終了し、鬱になった','private','interview','2026-05-28 08:04:13','2026-05-28 08:04:13');
INSERT INTO life_timeline VALUES('3a5e94fc-8444-4314-bf84-a8e160709e0c','local_default_user',2021,NULL,NULL,NULL,'カウンセラーからSE（身体的なアプローチ）を紹介された','private','interview','2026-05-28 08:04:13','2026-05-28 08:04:13');
INSERT INTO life_timeline VALUES('47ab1e85-3b70-41e0-8c18-577677666d80','local_default_user',2025,9,NULL,NULL,'秋にベトナム旅行に行き、成田空港でバックパック1個で歩いた瞬間に「これが自分の生き方だ」と決めた','public','interview','2026-05-28 08:04:13','2026-05-28 08:04:13');
INSERT INTO life_timeline VALUES('a52fd428-3c3f-49ef-8949-ffc4ee15c2fb','local_default_user',2025,NULL,NULL,NULL,'東南アジアに拠点を移した','public','interview','2026-05-28 08:04:13','2026-05-28 08:04:13');
INSERT INTO life_timeline VALUES('73b0b0b2-5aa6-4382-aa72-3a2e0d398513','local_default_user',2016,9,NULL,NULL,'自分で会社を設立した','public','interview','2026-06-01 03:20:55','2026-06-01 03:20:55');
INSERT INTO life_timeline VALUES('019c81f3-44dc-460c-9381-182e36d77385','local_default_user',2018,NULL,NULL,NULL,'プログラミング教育の集客LPでコンバージョン→報酬の流れを作り、3人の顧客を獲得（初めて自分の力でお金を稼ぐ）','public','interview','2026-06-01 03:29:55','2026-06-01 03:29:55');
INSERT INTO life_timeline VALUES('62e0ed48-dec8-43ba-92b5-400eef44c2cb','local_default_user',2018,NULL,NULL,NULL,'自力でアプリを公開','public','interview','2026-06-01 03:29:55','2026-06-01 03:29:55');
INSERT INTO life_timeline VALUES('8cbb1911-db2c-427b-ad74-2c4dcdedd783','local_default_user',2024,NULL,NULL,NULL,'クライアントの社内政治に巻き込まれる仕事を経験','public','interview','2026-06-01 03:47:35','2026-06-01 03:47:35');
INSERT INTO life_timeline VALUES('e384fc1d-173f-4fc4-a45e-29f18b4f7688','local_default_user',2025,NULL,NULL,NULL,'クライアントの社内政治に巻き込まれる仕事を経験','public','interview','2026-06-01 03:47:35','2026-06-01 03:47:35');
CREATE TABLE timeline_evidences (
      timeline_id TEXT NOT NULL,
      log_id TEXT NOT NULL,
      PRIMARY KEY (timeline_id, log_id),
      FOREIGN KEY (timeline_id) REFERENCES life_timeline(id) ON DELETE CASCADE,
      FOREIGN KEY (log_id) REFERENCES raw_logs(id) ON DELETE CASCADE
    );
CREATE TABLE professional_records (
      id TEXT PRIMARY KEY,
      user_id TEXT NOT NULL,
      company_name TEXT NOT NULL,
      role TEXT,
      start_year INTEGER NOT NULL,
      start_month INTEGER,
      end_year INTEGER,
      end_month INTEGER,
      description TEXT,
      skills TEXT,
      source TEXT NOT NULL DEFAULT 'import',
      created_at TEXT NOT NULL DEFAULT CURRENT_TIMESTAMP,
      FOREIGN KEY (user_id) REFERENCES users(id) ON DELETE CASCADE
    );
INSERT INTO professional_records VALUES('987dcc94-4370-4742-a669-c1401b756d1c','local_default_user','オーアール・ラボ株式会社','プロジェクトマネージャー・インフラエンジニア',2025,9,2025,12,'宿泊施設向け予約管理およびオートロック管理ツールの開発マネジメントとCDKによるECSインフラの構築。TypeScriptによるCDK作成、PlaywrightによるE2Eテスト実装、AWS DataSync習得。ベトナム人と中国人のチームをマネジメント。','["TypeScript","Python","MySQL","RDS","Fargate","React","Flask","CDK","Playwright","AWS DataSync"]','import','2026-05-24 09:39:52');
INSERT INTO professional_records VALUES('e028d1d2-f89d-444e-8a22-19c6b6c5b596','local_default_user','リッチハニカム株式会社','プログラマー',2025,6,2025,7,'MEOサービス提供会社向けツールの開発。Google Map集客関連ツールのヒアリング、要件定義、Google App Script実装、Next.js実装、supabase設定、Vercelサーバーレスインフラ構築。','["TypeScript","Google App Script","Next.js","supabase","Vercel","じゃらんAPI","楽天トラベルAPI","Google Map API","GeminiAPI","LINE worksAPI"]','import','2026-05-24 09:39:52');
INSERT INTO professional_records VALUES('826902f5-8968-412e-87de-e9e9a0649271','local_default_user','株式会社S','プロジェクトマネージャー・プログラマー',2024,1,2025,4,'医療機関向けCRMおよびLINEミニアプリの開発。PM/PLとして顧客折衝、要件定義、基本設計、スケジュール立案、中長期戦略立案、自動テスト導入戦略立案、コードレビュー、設計レビュー。PGとして基本設計、詳細設計、コーディング、テスト。20名チームのマネジメント。','["PHP8.1","JavaScript","SQL","HTML","CSS","MySQL8.0","Aurora","AmazonLinux2023","Laravel9","jQuery","Vue.js","AWS EC2","S3","CloudFront","RDS","Elasticache","Playwright","Docker","BigQuery","Google App Script","GitLab CI"]','import','2026-05-24 09:39:52');
INSERT INTO professional_records VALUES('7de97435-a432-4118-a875-7a2b22fe58ae','local_default_user','有限会社S','プロジェクトマネージャー・プログラマー',2019,6,2023,12,'フランチャイズ本部および加盟店向け新規システム開発。人工芝の在庫管理・見積もり・発注・施工管理・顧客管理。顧客対応〜コーディングすべて。CI/CDパイプライン構築、E2Eテスト作成、チームメンバー指導・マネジメント。','["PHP8.1","JavaScript","Sass","HTML","MariaDB","Ubuntu","AWS Lightsail","Laravel6","Laravel8","Laravel10","jQuery","CircleCI","Amazon ECS","AWS CloudFront","AWS S3","LaravelDusk"]','import','2026-05-24 09:39:52');
INSERT INTO professional_records VALUES('3a7e2158-c841-46ad-98f3-0797b03f99fd','local_default_user','A株式会社','プログラマー・インフラエンジニア',2020,6,2021,3,'個人向け旅程立案アプリケーションの開発。リーダー、フロントエンド、バックエンド、インフラ構築。Goによるサーバーサイドプログラミング、kubernetes(GKE)によるコンテナ本番環境管理、postgreSQL運用、service workerによるオフライン対応。','["Go","JavaScript","postgreSQL","GKE","React.js","kubernetes","PWA"]','import','2026-05-24 09:39:52');
INSERT INTO professional_records VALUES('052c1e38-317e-453b-bea4-9f27246a5f97','local_default_user','株式会社L','プロジェクトマネージャー・プログラマー',2019,12,2020,3,'イベント企画会社向け営業ツールの開発。顧客ヒアリング〜コーディング、インフラ構築。インタラクティブなグラフレンダリング、生JavaScriptによる非同期処理。','["PHP7.1","JavaScript","Sass","MariaDB","Ubuntu","Laravel6.2","Blade"]','import','2026-05-24 09:39:52');
INSERT INTO professional_records VALUES('e694fac8-4fdc-4dda-a5dc-37d9afd0f24d','local_default_user','株式会社W','プログラマー後プロジェクトマネージャー',2018,4,2019,9,'経営者・個人事業主向けツールの開発。プログラマーとして参画後、プロジェクトマネージャーに配置転換。要件定義、ドキュメント作成、チーム全体の生産性向上。','["PHP7.0","JavaScript","CSS","MySQL","CentOS7","Codeigniter3.0","Laravel6.1","React15.2","jQuery","AWS CloudFront","S3","Route53","CodeDeploy","RDS","CloudFormation"]','import','2026-05-24 09:39:52');
INSERT INTO professional_records VALUES('cbc1bba6-e91d-467b-9949-2ddbeb0adccc','local_default_user','OL株式会社','プログラマー・プロジェクトマネージャー',2018,2,2018,10,'士業向けファイル共有ツールの開発。プログラマー、サーバー構築、プロジェクトマネージャー。ファイル共有ソフトSamba、GPGによるファイル改ざん検知、手作業によるLAMP環境構築。','["PHP5.6","JavaScript","Sass","MySQL","CentOS6.8","GPG","Samba","imageMagick"]','import','2026-05-24 09:39:52');
INSERT INTO professional_records VALUES('8262751f-390f-48c9-97ed-efb4fa6481f1','local_default_user','トレンダーズ株式会社（現株式会社Anny）','プログラマー',2017,9,2017,12,'ソーシャルギフトサービスの開発。HTML、CSS、JavaScriptのコーディング。Sass(Scss)、レスポンシブデザイン、Git Flowによるチーム開発。','["Ruby","JavaScript","HTML","Sass","MySQL","Ruby on Rails"]','import','2026-05-24 09:39:52');
CREATE TABLE session_vignettes (
      id TEXT PRIMARY KEY,
      user_id TEXT NOT NULL,
      session_id TEXT NOT NULL,
      title TEXT NOT NULL,
      period TEXT NOT NULL,
      quote TEXT NOT NULL,
      scene TEXT NOT NULL,
      insight TEXT NOT NULL,
      self_gap TEXT,
      visibility TEXT NOT NULL DEFAULT 'private' CHECK(visibility IN ('public', 'private')),
      created_at TEXT NOT NULL DEFAULT CURRENT_TIMESTAMP,
      FOREIGN KEY (user_id) REFERENCES users(id) ON DELETE CASCADE,
      FOREIGN KEY (session_id) REFERENCES sessions(id) ON DELETE CASCADE
    );
INSERT INTO session_vignettes VALUES('a67bf6bf-8f3b-407f-b23f-9c881daafb07','local_default_user','e37ef1e2-dd8f-4fcf-af8f-39d908649f0e','浪人時代の「肩書きゼロ」の心地よさ','浪人時代（推定2015-2016）','あの「誰にも評価されない感じ」がすごく心地よかったんですよね。あれが自分の原型だと思ってます。','高校を卒業し、大学にも会社にも属さない1年間。周りは焦りや不安を感じる状況だが、本人は「誰にも評価されない」という状態に不思議な心地よさを覚えていた。後に振り返って、あの感覚が自分の原型だと認識している。','評価や肩書きから解放された状態を、不安ではなく心地よさとして感じるという逆説的な感覚が、この人の核にある。',NULL,'private','2026-05-28 08:04:13');
INSERT INTO session_vignettes VALUES('9ad362ee-3976-41c0-9765-621ee0c6f323','local_default_user','e37ef1e2-dd8f-4fcf-af8f-39d908649f0e','成田空港で感じた「足から羽が生えた」瞬間','2025年秋','足から羽が生えたみたいに体が軽くて。「あ、これが自分の生き方だ」ってそのとき決めました。','ベトナム旅行に向けて成田空港でバックパック1個だけを持って歩いた瞬間、身体が驚くほど軽くなる感覚を味わう。その感覚を「自分の生き方」だと確信し、その決断が現在の海外生活の起点となった。','身体感覚を人生の判断基準として信頼し、その感覚に従って大きな決断を下すことができる人物である。',NULL,'private','2026-05-28 08:04:13');
INSERT INTO session_vignettes VALUES('fd41c738-423b-41c3-973a-276b7db1ab63','local_default_user','e37ef1e2-dd8f-4fcf-af8f-39d908649f0e','お金の切迫と体の感覚のせめぎ合い','現在（2025年以降）','体が「嫌だ」って言ってるのはわかってるんですよ。でもお金が切迫してくると、その感覚が遠くなっていく。頭が「とにかく稼がないと」モードになって。これ、ずっと繰り返してるパターンで。','東南アジアでフリーランスとして活動する中、ITエージェント経由の案件を見ると偽装請負の匂いがして首を縦に振れない。体は「嫌だ」と拒否しているが、経済的な切迫が迫るとその感覚が薄れ、頭が「稼がないと」モードに切り替わる。自分でもそのパターンを自覚している。','身体感覚を羅針盤としながらも、経済的プレッシャーがかかるとその羅針盤が狂うことを自覚しており、その葛藤が現在のテーマとなっている。','「体の感覚に従う」という価値観を持ちながら、実際にはお金の切迫によってその感覚を手放しそうになる自分とのギャップを認識している。','private','2026-05-28 08:04:13');
INSERT INTO session_vignettes VALUES('15e5742b-4d46-44bc-aad5-d4e2c127782b','local_default_user','1cd17042-4612-4450-8ea5-84c72c70c83d','自由の迷いと一歩','独立直後','自由な反面、何から手を付けようか迷った','自分のプロダクトが全く売れず困っていたところ、知り合いの社長が小規模なサンプルアプリ開発の仕事をくれた。時間や場所に縛られず結果だけで評価される働き方に「ありがたい」と感じる一方、すべてを自分で決められる自由に戸惑い、何から手をつけるか迷った。','自由を求めながらも、完全な裁量には迷いが生じるという両面性を持っている。',NULL,'private','2026-05-29 03:35:46');
INSERT INTO session_vignettes VALUES('66c8e490-3ada-459b-8abf-b1bd885e618a','local_default_user','1cd17042-4612-4450-8ea5-84c72c70c83d','とりあえずやってみるで掴んだ手応え','独立直後','とりあえずやってみるかな','何から手をつけるか迷いながらも、「とりあえずやってみる」と動き出し、先にプロトタイプを作って顧客に見せて修正するスタイルで進めた。結果的に顧客に満足してもらい、「先に作ってみて見せて修正した方がいい」という学びを得た。','迷いよりも行動を優先する姿勢が、結果と学びを生み出す原動力になっている。',NULL,'private','2026-05-29 03:35:46');
INSERT INTO session_vignettes VALUES('ba3a2dee-86d8-4578-9225-c99442395684','local_default_user','7195ff8b-9099-430f-9b40-9ccdb5ec9bab','AIとの対話から生まれた自己理解ツール','unknown','AIがいい回答をくれないなあと思っていたんだけど、自分自身の情報を上手く与えられていなかったから','AIとの対話で満足いく回答が得られないことに frustration を感じていた。原因を探るうちに、AIに与える自分自身の情報が不足していることに気づき、自分を整理するツールを作ろうと思い立った。','問題の原因を外部（AI）ではなく、自分側の情報不足に帰着させ、それを解決する手段としてソフトウェア開発を選ぶ傾向がある。',NULL,'private','2026-06-01 02:19:31');
INSERT INTO session_vignettes VALUES('ecd3d6b2-c256-4b9e-9872-a35b205db487','local_default_user','34c6e47a-e4de-48ca-ab51-c957bc4af146','自由と自律のための独立','2016-09','雇われるのをやめて自分で会社を作ったことかな？','インタビュアーが絶対に譲れない価値観を尋ねると、ユーザーは「自由、自律」と即答した。その価値観を最も強く感じた出来事として、雇われるのをやめて自分で会社を作った決断を挙げた。2016年9月という具体的な時期も明確に語っている。','自由と自律という価値観を、実際の行動（独立・起業）で体現している。',NULL,'private','2026-06-01 03:20:55');
INSERT INTO session_vignettes VALUES('63451194-3cd6-4037-ade0-810026d6459c','local_default_user','ab031bfa-4122-48c6-b54e-f8a74f5289de','初めての自力マネタイズ、3人の顧客','2018','独立したから初めて自分の力でお金を稼いだときかな？','プログラミング教育のための集客LPを作り、コンバージョンから決済までの流れを自分で構築した。実際に3人のお客さんが来て、初めて自分の力で報酬を得た。','自分で仕組みをゼロから作り、それが実際に機能して成果が出ることに強い達成感を覚えるタイプである。',NULL,'private','2026-06-01 03:29:55');
INSERT INTO session_vignettes VALUES('401e0ef5-2080-4f53-9091-8aefd1aef1c4','local_default_user','2852fb1a-77bc-4f77-8942-874b91bcbcce','縛られる状態を経験し、そこから脱した','unknown','あとは結婚生活もだった！ もちろんどちらも経験していて 離婚したし、社員を維持できなくなって今は1人で返済をしています。','ユーザーは「お金や人間関係に縛られる重い状態」を絶対に避けたいと語った後、自ら結婚生活と経営（借金・人を雇う）の両方を経験し、離婚と社員維持断念という形でそこから脱したことを明かした。現在は一人で返済を続けている。','ユーザーは自らが「縛られる」と定義する状態に実際に入り、そこから抜け出す選択をしている。',NULL,'private','2026-06-01 03:39:57');
CREATE TABLE demo_rate_limit (
    ip TEXT NOT NULL,
    date TEXT NOT NULL,
    session_count INTEGER NOT NULL DEFAULT 0,
    PRIMARY KEY (ip, date)
  );
CREATE TABLE IF NOT EXISTS "__drizzle_migrations" (
			id SERIAL PRIMARY KEY,
			hash text NOT NULL,
			created_at numeric
		);
COMMIT;
